,BLOCKLOT,BID:PROG,BID:Neighborhood,BID:Typology,BID:Address
0,0002036,1,EASTERWOOD                               ,I,1945 W NORTH AVE
1,0003045,1,SANDTOWN-WINCHESTER                      ,I,1821 N MONROE ST
2,0008042,1,SANDTOWN-WINCHESTER                      ,I,1700 MCKEAN AVE
3,0009060,1,SANDTOWN-WINCHESTER                      ,I,1701 N BRUCE ST
4,0010024,1,SANDTOWN-WINCHESTER                      ,I,1647 WESTWOOD AVE
5,0010034,1,SANDTOWN-WINCHESTER                      ,I,1620 PRESBURY ST
6,0012056,1,EASTERWOOD                               ,I,1623 APPLETON ST
7,0012076,1,EASTERWOOD                               ,I,1648 N MONROE ST
8,0012096,1,EASTERWOOD                               ,I,1608 N MONROE ST
9,0013A046,1,SANDTOWN-WINCHESTER                      ,J,1635 N MONROE ST
10,0014013,1,SANDTOWN-WINCHESTER                      ,J,1624 N FULTON AVE
11,0014042,1,SANDTOWN-WINCHESTER                      ,J,1627 MCKEAN AVE
12,0015001,1,SANDTOWN-WINCHESTER                      ,J,1601 N FULTON AVE
13,0017005,1,SANDTOWN-WINCHESTER                      ,I,1608 N CALHOUN ST
14,0017046,1,SANDTOWN-WINCHESTER                      ,I,1530 BAKER ST
15,0020029,1,SANDTOWN-WINCHESTER                      ,J,1801 BAKER ST
16,0020058,1,SANDTOWN-WINCHESTER                      ,J,1527 MCKEAN AVE
17,0020059,1,SANDTOWN-WINCHESTER                      ,J,1529 MCKEAN AVE
18,0020060,1,SANDTOWN-WINCHESTER                      ,J,1531 MCKEAN AVE
19,0020061,1,SANDTOWN-WINCHESTER                      ,J,1533 MCKEAN AVE
20,0020063,1,SANDTOWN-WINCHESTER                      ,J,1537 MCKEAN AVE
21,0020064,1,SANDTOWN-WINCHESTER                      ,J,1539 MCKEAN AVE
22,0020065,1,SANDTOWN-WINCHESTER                      ,J,1541 MCKEAN AVE
23,0020066,1,SANDTOWN-WINCHESTER                      ,J,1543 MCKEAN AVE
24,0020067,1,SANDTOWN-WINCHESTER                      ,J,1545 MCKEAN AVE
25,0020068,1,SANDTOWN-WINCHESTER                      ,J,1547 MCKEAN AVE
26,0020069,1,SANDTOWN-WINCHESTER                      ,J,1549 MCKEAN AVE
27,0020070,1,SANDTOWN-WINCHESTER                      ,J,1551 MCKEAN AVE
28,0020071,1,SANDTOWN-WINCHESTER                      ,J,1553 MCKEAN AVE
29,0020072,1,SANDTOWN-WINCHESTER                      ,J,1555 MCKEAN AVE
30,0021075,1,SANDTOWN-WINCHESTER                      ,J,1710 PRESSTMAN ST
31,0026013,1,SANDTOWN-WINCHESTER                      ,I,1424 N FULTON AVE
32,0026049,1,SANDTOWN-WINCHESTER                      ,I,1855-1857 Kavanaugh St
33,0027008,1,SANDTOWN-WINCHESTER                      ,I,1414 N Mount St
34,0027014,1,SANDTOWN-WINCHESTER                      ,I,1426 N MOUNT ST
35,0027061,1,SANDTOWN-WINCHESTER                      ,I,1702 LORMAN ST
36,0027071,1,SANDTOWN-WINCHESTER                      ,I,1402 N BRUCE ST
37,0027072,1,SANDTOWN-WINCHESTER                      ,I,1404 N BRUCE ST
38,0027074,1,SANDTOWN-WINCHESTER                      ,I,1408 N BRUCE ST
39,0027075,1,SANDTOWN-WINCHESTER                      ,I,1410 N BRUCE ST
40,0027076,1,SANDTOWN-WINCHESTER                      ,I,1412 N BRUCE ST
41,0027077,1,SANDTOWN-WINCHESTER                      ,I,1414 N BRUCE ST
42,0027078,1,SANDTOWN-WINCHESTER                      ,I,1416 N BRUCE ST
43,0027079,1,SANDTOWN-WINCHESTER                      ,I,1418 N BRUCE ST
44,0027080,1,SANDTOWN-WINCHESTER                      ,I,1420 N BRUCE ST
45,0027081,1,SANDTOWN-WINCHESTER                      ,I,1422 N BRUCE ST
46,0027082,1,SANDTOWN-WINCHESTER                      ,I,1424 N BRUCE ST
47,0027083,1,SANDTOWN-WINCHESTER                      ,I,1426 N BRUCE ST
48,0027084,1,SANDTOWN-WINCHESTER                      ,I,1428 N BRUCE ST
49,0027085,1,SANDTOWN-WINCHESTER                      ,I,1403 N BRUCE ST
50,0027086,1,SANDTOWN-WINCHESTER                      ,I,1405 N BRUCE ST
51,0027087,1,SANDTOWN-WINCHESTER                      ,I,1407 N BRUCE ST
52,0027088,1,SANDTOWN-WINCHESTER                      ,I,1409 N BRUCE ST
53,0027089,1,SANDTOWN-WINCHESTER                      ,I,1411 N BRUCE ST
54,0027090,1,SANDTOWN-WINCHESTER                      ,I,1413 N BRUCE ST
55,0027091,1,SANDTOWN-WINCHESTER                      ,I,1415 N BRUCE ST
56,0027092,1,SANDTOWN-WINCHESTER                      ,I,1417 N BRUCE ST
57,0027093,1,SANDTOWN-WINCHESTER                      ,I,1419 N BRUCE ST
58,0027094,1,SANDTOWN-WINCHESTER                      ,I,1421 N BRUCE ST
59,0027095,1,SANDTOWN-WINCHESTER                      ,I,1423 N BRUCE ST
60,0027096,1,SANDTOWN-WINCHESTER                      ,I,1425 N BRUCE ST
61,0027097,1,SANDTOWN-WINCHESTER                      ,I,1427 N BRUCE ST
62,0031043,1,SANDTOWN-WINCHESTER                      ,I,1851 Lorman St
63,0031044,1,SANDTOWN-WINCHESTER                      ,I,1853 Lorman St
64,0031052,1,SANDTOWN-WINCHESTER                      ,I,1303-1309 N MONROE ST
65,0032053,1,SANDTOWN-WINCHESTER                      ,I,1714 LAURENS ST
66,0032054,1,SANDTOWN-WINCHESTER                      ,I,1712 LAURENS ST
67,0034122,1,SANDTOWN-WINCHESTER                      ,G,1428 N PARRISH ST
68,0034130,1,SANDTOWN-WINCHESTER                      ,G,1444 N PARRISH ST
69,0035042,1,SANDTOWN-WINCHESTER                      ,G,1403 PRESSTMAN ST
70,0035048,1,SANDTOWN-WINCHESTER                      ,G,1372 N CALHOUN ST
71,0036A042,1,SANDTOWN-WINCHESTER                      ,G,1380 N CAREY ST
72,0036B066,1,SANDTOWN-WINCHESTER                      ,G,1329 N CALHOUN ST
73,0036B067,1,SANDTOWN-WINCHESTER                      ,G,1331 N CALHOUN ST
74,0036B074,1,SANDTOWN-WINCHESTER                      ,G,1345-1351 N CALHOUN ST
75,0037085,1,SANDTOWN-WINCHESTER                      ,G,1382 N STOCKTON ST
76,0037A037,1,SANDTOWN-WINCHESTER                      ,G,1374 N FREMONT AVE
77,0041036,1,SANDTOWN-WINCHESTER                      ,I,1153 N FULTON AVE
78,0044001,1,SANDTOWN-WINCHESTER                      ,H,1205 N STRICKER ST
79,0050038,1,SANDTOWN-WINCHESTER                      ,J,1107 MCKEAN AVE
80,0050044,1,SANDTOWN-WINCHESTER                      ,J,1104 MCKEAN AVE
81,0050078,1,SANDTOWN-WINCHESTER                      ,J,1101 N MONROE ST
82,0053021,1,SANDTOWN-WINCHESTER                      ,H,1141 N GILMOR ST
83,0053065,1,SANDTOWN-WINCHESTER                      ,H,1522 RIGGS AVE
84,0055B001,1,SANDTOWN-WINCHESTER                      ,H,1100 N CAREY ST
85,0055B017,1,SANDTOWN-WINCHESTER                      ,H,1132 N CAREY ST
86,0055B021,1,SANDTOWN-WINCHESTER                      ,H,1140 N CAREY ST
87,0055B022,1,SANDTOWN-WINCHESTER                      ,H,1142 N Carey St
88,0055B080,1,SANDTOWN-WINCHESTER                      ,H,1302 Riggs Ave
89,0055B080A,1,SANDTOWN-WINCHESTER                      ,H,1300 RIGGS AVE
90,0055C007,1,SANDTOWN-WINCHESTER                      ,J,1113 N Carey St
91,0055C018,1,SANDTOWN-WINCHESTER                      ,J,1135 N CAREY ST
92,0055C025,1,SANDTOWN-WINCHESTER                      ,J,1149 N CAREY ST
93,0055C066,1,SANDTOWN-WINCHESTER                      ,J,1200 RIGGS AVE
94,0055D026,1,SANDTOWN-WINCHESTER                      ,J,1113 WINCHESTER ST
95,0055D063,1,SANDTOWN-WINCHESTER                      ,J,1114 RIGGS AVE
96,0055D070,1,SANDTOWN-WINCHESTER                      ,J,1100 RIGGS AVE
97,0055D084,1,SANDTOWN-WINCHESTER                      ,J,1110 Carson Ct
98,0058092,1,MIDTOWN-EDMONDSON                        ,J,1026 APPLETON ST
99,0062028,1,SANDTOWN-WINCHESTER                      ,J,1523 RIGGS AVE
100,0063009,1,SANDTOWN-WINCHESTER                      ,J,1416 MOSHER ST
101,0063010,1,SANDTOWN-WINCHESTER                      ,J,1418 MOSHER ST
102,0063058,1,SANDTOWN-WINCHESTER                      ,J,1008 N Calhoun St
103,0064044,1,SANDTOWN-WINCHESTER                      ,H,1028 N CAREY ST
104,0064049,1,SANDTOWN-WINCHESTER                      ,H,1018 N CAREY ST
105,0064050,1,SANDTOWN-WINCHESTER                      ,H,1016 N Carey St
106,0065072,1,SANDTOWN-WINCHESTER                      ,J,1034 N STOCKTON ST
107,0073016,1,SANDTOWN-WINCHESTER                      ,I,1717 MOSHER ST
108,0073017,1,SANDTOWN-WINCHESTER                      ,I,1715 MOSHER ST
109,0073018,1,SANDTOWN-WINCHESTER                      ,I,1713 MOSHER ST
110,0073019,1,SANDTOWN-WINCHESTER                      ,I,1711 MOSHER ST
111,0073020,1,SANDTOWN-WINCHESTER                      ,I,1709 MOSHER ST
112,0073041,1,SANDTOWN-WINCHESTER                      ,I,1704 W LAFAYETTE AVE
113,0073042,1,SANDTOWN-WINCHESTER                      ,I,1706-1710 W LAFAYETTE AVE
114,0073047,1,SANDTOWN-WINCHESTER                      ,I,1716 W LAFAYETTE AVE
115,0073055,1,SANDTOWN-WINCHESTER                      ,I,1701 DITMAN CT
116,0073056,1,SANDTOWN-WINCHESTER                      ,I,1703 DITMAN CT
117,0073057,1,SANDTOWN-WINCHESTER                      ,I,1705 DITMAN CT
118,0073058,1,SANDTOWN-WINCHESTER                      ,I,1702 DITMAN CT
119,0073059,1,SANDTOWN-WINCHESTER                      ,I,1704 DITMAN CT
120,0073060,1,SANDTOWN-WINCHESTER                      ,I,1706 DITMAN CT
121,0073062,1,SANDTOWN-WINCHESTER                      ,I,925 N BRUCE ST
122,0074019,1,SANDTOWN-WINCHESTER                      ,I,1607 MOSHER ST
123,0074026,1,SANDTOWN-WINCHESTER                      ,I,936 N GILMOR ST
124,0074032,1,SANDTOWN-WINCHESTER                      ,I,924 N GILMOR ST
125,0074037,1,SANDTOWN-WINCHESTER                      ,I,914 N GILMOR ST
126,0074038,1,SANDTOWN-WINCHESTER                      ,I,912 N GILMOR ST
127,0074040,1,SANDTOWN-WINCHESTER                      ,I,908 N GILMOR ST
128,0074043,1,SANDTOWN-WINCHESTER                      ,I,902 N GILMOR ST
129,0074045,1,SANDTOWN-WINCHESTER                      ,I,1600 W LAFAYETTE AVE
130,0074046,1,SANDTOWN-WINCHESTER                      ,I,1602 W LAFAYETTE AVE
131,0074047,1,SANDTOWN-WINCHESTER                      ,I,1604 W LAFAYETTE AVE
132,0074050,1,SANDTOWN-WINCHESTER                      ,I,1610 W LAFAYETTE AVE
133,0074051,1,SANDTOWN-WINCHESTER                      ,I,1612 W LAFAYETTE AVE
134,0074052,1,SANDTOWN-WINCHESTER                      ,I,1614 W LAFAYETTE AVE
135,0074053,1,SANDTOWN-WINCHESTER                      ,I,1616 W LAFAYETTE AVE
136,0074056,1,SANDTOWN-WINCHESTER                      ,I,1622 W LAFAYETTE AVE
137,0075009,1,SANDTOWN-WINCHESTER                      ,J,915 N GILMOR ST
138,0075011,1,SANDTOWN-WINCHESTER                      ,J,919 N GILMOR ST
139,0075020,1,SANDTOWN-WINCHESTER                      ,J,1507 MOSHER ST
140,0075032,1,SANDTOWN-WINCHESTER                      ,J,920 N STRICKER ST
141,0076006,1,SANDTOWN-WINCHESTER                      ,J,911 N STRICKER ST
142,0076007,1,SANDTOWN-WINCHESTER                      ,J,913 N STRICKER ST
143,0076011,1,SANDTOWN-WINCHESTER                      ,J,921 N STRICKER ST
144,0076028,1,SANDTOWN-WINCHESTER                      ,J,1411 MOSHER ST
145,0076032,1,SANDTOWN-WINCHESTER                      ,J,1403 MOSHER ST
146,0076037,1,SANDTOWN-WINCHESTER                      ,J,918 N CALHOUN ST
147,0076038,1,SANDTOWN-WINCHESTER                      ,J,916 N CALHOUN ST
148,0076039,1,SANDTOWN-WINCHESTER                      ,J,914 N Calhoun St
149,0076040,1,SANDTOWN-WINCHESTER                      ,J,912 N CALHOUN ST
150,0076041,1,SANDTOWN-WINCHESTER                      ,J,910 N Calhoun St
151,0076054,1,SANDTOWN-WINCHESTER                      ,J,1420 W LAFAYETTE AVE
152,0077010,1,SANDTOWN-WINCHESTER                      ,I,1325 MOSHER ST
153,0077022,1,SANDTOWN-WINCHESTER                      ,I,919 N Calhoun St
154,0077026,1,SANDTOWN-WINCHESTER                      ,I,911 N CALHOUN ST
155,0077031,1,SANDTOWN-WINCHESTER                      ,I,1344 W LAFAYETTE AVE
156,0077061,1,SANDTOWN-WINCHESTER                      ,I,925 N WOODYEAR ST
157,0077062,1,SANDTOWN-WINCHESTER                      ,I,927 N WOODYEAR ST
158,0077063,1,SANDTOWN-WINCHESTER                      ,I,929 N WOODYEAR ST
159,0077066,1,SANDTOWN-WINCHESTER                      ,I,924 N WOODYEAR ST
160,0077067,1,SANDTOWN-WINCHESTER                      ,I,926 N WOODYEAR ST
161,0077068,1,SANDTOWN-WINCHESTER                      ,I,928 N WOODYEAR ST
162,0077069,1,SANDTOWN-WINCHESTER                      ,I,930 N WOODYEAR ST
163,0077070,1,SANDTOWN-WINCHESTER                      ,I,932 N WOODYEAR ST
164,0077081,1,SANDTOWN-WINCHESTER                      ,I," SS 10 FT ALLEY, 2ND N OF W LAFAYETTE AVE, REAR 903-907 N OF CALHOUN ST "
165,0078024,1,SANDTOWN-WINCHESTER                      ,I,929 N CAREY ST
166,0078027,1,SANDTOWN-WINCHESTER                      ,I,1221 MOSHER ST
167,0078032,1,SANDTOWN-WINCHESTER                      ,I,1211 MOSHER ST
168,0079024,1,SANDTOWN-WINCHESTER                      ,I,1105 MOSHER ST
169,0082005,1,MIDTOWN-EDMONDSON                        ,J,2012 W LANVALE ST
170,0082007,1,MIDTOWN-EDMONDSON                        ,J,2016 W LANVALE ST
171,0082008,1,MIDTOWN-EDMONDSON                        ,J,2018 W LANVALE ST
172,0082009,1,MIDTOWN-EDMONDSON                        ,J,2020 W LANVALE ST
173,0082042,1,MIDTOWN-EDMONDSON                        ,J,826 N PAYSON ST
174,0084071,1,HARLEM PARK                              ,J,811 MCKEAN AVE
175,0084079,1,HARLEM PARK                              ,J,824 MCKEAN AVE
176,0085015,1,HARLEM PARK                              ,J,829 N FULTON AVE
177,0086021,1,HARLEM PARK                              ,J,802 N GILMOR ST
178,0086022,1,HARLEM PARK                              ,J,804 N GILMOR ST
179,0086023,1,HARLEM PARK                              ,J,806 N GILMOR ST
180,0086024,1,HARLEM PARK                              ,J,808 N GILMOR ST
181,0086025,1,HARLEM PARK                              ,J,810 N GILMOR ST
182,0086031,1,HARLEM PARK                              ,J,1613 W LAFAYETTE AVE
183,0086032,1,HARLEM PARK                              ,J,1615 W LAFAYETTE AVE
184,0086033,1,HARLEM PARK                              ,J,1617 W LAFAYETTE AVE
185,0086037,1,HARLEM PARK                              ,J,1625 W LAFAYETTE AVE
186,0086040,1,HARLEM PARK                              ,J,1631 W LAFAYETTE AVE
187,0086041,1,HARLEM PARK                              ,J,1633 W LAFAYETTE AVE
188,0086042,1,HARLEM PARK                              ,J,1635 W LAFAYETTE AVE
189,0086046,1,HARLEM PARK                              ,J,1643 W LAFAYETTE AVE
190,0086056,1,HARLEM PARK                              ,J,807 N MOUNT ST
191,0086057,1,HARLEM PARK                              ,J,805 N Mount St
192,0086058,1,HARLEM PARK                              ,J,803 N MOUNT ST
193,0087012,1,HARLEM PARK                              ,J,1522 W LANVALE ST
194,0087051,1,HARLEM PARK                              ,J,824 N STRICKER ST
195,0094020,1,MIDTOWN-EDMONDSON                        ,J,2018 HARLEM AVE
196,0095068,1,MIDTOWN-EDMONDSON                        ,J,1914 HARLEM AVE
197,0096009,1,HARLEM PARK                              ,J,716 N FULTON AVE
198,0096018,1,HARLEM PARK                              ,J,734 N FULTON AVE
199,0096079,1,HARLEM PARK                              ,J,1815 RAYNER AVE
200,0096080,1,HARLEM PARK                              ,J,1817 RAYNER AVE
201,0096086,1,HARLEM PARK                              ,J,1829 RAYNER AVE
202,0096097,1,HARLEM PARK                              ,J,1806 RAYNER AVE
203,0097004,1,HARLEM PARK                              ,J,710 N Mount St
204,0097007,1,HARLEM PARK                              ,J,716 N MOUNT ST
205,0097013,1,HARLEM PARK                              ,J,728 N MOUNT ST
206,0097018,1,HARLEM PARK                              ,J,1709 W Lanvale St
207,0097020,1,HARLEM PARK                              ,J,1713 W LANVALE ST
208,0097021,1,HARLEM PARK                              ,J,1715 W LANVALE ST
209,0097024,1,HARLEM PARK                              ,J,1721 W LANVALE ST
210,0097035,1,HARLEM PARK                              ,J,733 N FULTON AVE
211,0097036,1,HARLEM PARK                              ,J,731 N FULTON AVE
212,0097037,1,HARLEM PARK                              ,J,729 N Fulton Ave
213,0097046,1,HARLEM PARK                              ,J,711 N FULTON AVE
214,0097047,1,HARLEM PARK                              ,J,709 N FULTON AVE
215,0097050,1,HARLEM PARK                              ,J,703 N Fulton Ave
216,0097053,1,HARLEM PARK                              ,J,1722 Harlem Ave
217,0097063,1,HARLEM PARK                              ,J,1702 Harlem Ave
218,0098054,1,HARLEM PARK                              ,J,1645 W LANVALE ST
219,0102037,1,HARLEM PARK                              ,I,713 N CAREY ST
220,0104040,1,HARLEM PARK                              ,I,926 HARLEM AVE
221,0104043,1,HARLEM PARK                              ,I,920 HARLEM AVE
222,0107053,1,MIDTOWN-EDMONDSON                        ,J,1944 EDMONDSON AVE
223,0108018,1,HARLEM PARK                              ,J,634 N FULTON AVE
224,0108029,1,HARLEM PARK                              ,J,1805 HARLEM AVE
225,0108032,1,HARLEM PARK                              ,J,607 N MONROE ST
226,0108070,1,HARLEM PARK                              ,J,1813 ARUNAH AVE
227,0108076,1,HARLEM PARK                              ,J,1825 ARUNAH AVE
228,0109008,1,HARLEM PARK                              ,J,616 N Mount St
229,0109010,1,HARLEM PARK                              ,J,620 N Mount St
230,0109013,1,HARLEM PARK                              ,J,626 N Mount St
231,0109017,1,HARLEM PARK                              ,J,1707 Harlem Ave
232,0109018,1,HARLEM PARK                              ,J,1709 Harlem Ave
233,0109019,1,HARLEM PARK                              ,J,1711 Harlem Ave
234,0109026,1,HARLEM PARK                              ,J,1725 Harlem Ave
235,0109031,1,HARLEM PARK                              ,J,641 N Fulton Ave
236,0110022,1,HARLEM PARK                              ,J,1611 HARLEM AVE
237,0110026,1,HARLEM PARK                              ,J,1619 Harlem Ave
238,0110028,1,HARLEM PARK                              ,J,1623 HARLEM AVE
239,0110041,1,HARLEM PARK                              ,J,607 N Mount St
240,0110042,1,HARLEM PARK                              ,J,605 N Mount St
241,0112013A,1,HARLEM PARK                              ,I," REAR WS N CAREY ST, REAR 624 N CAREY ST "
242,0112022,1,HARLEM PARK                              ,I,642 N CAREY ST
243,0112051,1,HARLEM PARK                              ,I,613 N CALHOUN ST
244,0112053,1,HARLEM PARK                              ,I,609 N Calhoun St
245,0113023,1,HARLEM PARK                              ,I,1205 HARLEM AVE
246,0115033,1,HARLEM PARK                              ,I,1022 EDMONDSON AVE
247,0118023,1,MIDTOWN-EDMONDSON                        ,J,545 N PULASKI ST
248,0118032,1,MIDTOWN-EDMONDSON                        ,J,2029 EDMONDSON AVE
249,0118033,1,MIDTOWN-EDMONDSON                        ,J,2027 EDMONDSON AVE
250,0118042,1,MIDTOWN-EDMONDSON                        ,J,2007 EDMONDSON AVE
251,0118052,1,MIDTOWN-EDMONDSON                        ,J,536 N PAYSON ST
252,0118070,1,MIDTOWN-EDMONDSON                        ,J,500 N PAYSON ST
253,0118093,1,MIDTOWN-EDMONDSON                        ,J,502 N BRICE ST
254,0118097,1,MIDTOWN-EDMONDSON                        ,J,510 N BRICE ST
255,0118102,1,MIDTOWN-EDMONDSON                        ,J,520 N BRICE ST
256,0119001,1,MIDTOWN-EDMONDSON                        ,J,512 N MONROE ST
257,0119002,1,MIDTOWN-EDMONDSON                        ,J,514 N MONROE ST
258,0119022,1,MIDTOWN-EDMONDSON                        ,J,1921 EDMONDSON AVE
259,0119023,1,MIDTOWN-EDMONDSON                        ,J,1923 EDMONDSON AVE
260,0119061,1,MIDTOWN-EDMONDSON                        ,J,1908 LAURETTA AVE
261,0119089,1,MIDTOWN-EDMONDSON                        ,J,1947 LAURETTA AVE
262,0119095,1,MIDTOWN-EDMONDSON                        ,J,1940 W FRANKLIN ST
263,0119096,1,MIDTOWN-EDMONDSON                        ,J,1938 W FRANKLIN ST
264,0120001,1,HARLEM PARK                              ,J,500 N FULTON AVE
265,0120007,1,HARLEM PARK                              ,J,518 N FULTON AVE
266,0120027,1,HARLEM PARK                              ,J,1809 EDMONDSON AVE
267,0120033,1,HARLEM PARK                              ,J,1821 EDMONDSON AVE
268,0120034,1,HARLEM PARK                              ,J,1823 Edmondson Ave
269,0120062,1,HARLEM PARK                              ,J,1828 W FRANKLIN ST
270,0120093,1,HARLEM PARK                              ,J,1800 LAURETTA AVE
271,0120106,1,HARLEM PARK                              ,J,1811 LAURETTA AVE
272,0120107,1,HARLEM PARK                              ,J,1809 LAURETTA AVE
273,0121003,1,HARLEM PARK                              ,J,516 N MOUNT ST
274,0121004,1,HARLEM PARK                              ,J,518 N MOUNT ST
275,0121006,1,HARLEM PARK                              ,J,520 1/2 N MOUNT ST
276,0121010,1,HARLEM PARK                              ,J,528 N MOUNT ST
277,0121015,1,HARLEM PARK                              ,J,538 N Mount St
278,0121026,1,HARLEM PARK                              ,J,1721 EDMONDSON AVE
279,0121047,1,HARLEM PARK                              ,J,519 N FULTON AVE
280,0121059,1,HARLEM PARK                              ,J,1720 W FRANKLIN ST
281,0121067,1,HARLEM PARK                              ,J,1704 W FRANKLIN ST
282,0122058,1,HARLEM PARK                              ,J,501 N MOUNT ST
283,0122063,1,HARLEM PARK                              ,J,1618 W FRANKLIN ST
284,0122070,1,HARLEM PARK                              ,J,1604 W Franklin St
285,0123010,1,HARLEM PARK                              ,I,518 N STRICKER ST
286,0123012,1,HARLEM PARK                              ,I,522 N STRICKER ST
287,0123017,1,HARLEM PARK                              ,I,532 N STRICKER ST
288,0123052,1,HARLEM PARK                              ,I,1510 W FRANKLIN ST
289,0124001,1,HARLEM PARK                              ,I,500 N CALHOUN ST
290,0124002,1,HARLEM PARK                              ,I,502 N CALHOUN ST
291,0124003,1,HARLEM PARK                              ,I,504 N CALHOUN ST
292,0124004,1,HARLEM PARK                              ,I,506 N CALHOUN ST
293,0124014,1,HARLEM PARK                              ,I,526 N CALHOUN ST
294,0124041,1,HARLEM PARK                              ,I,525 N STRICKER ST
295,0124042,1,HARLEM PARK                              ,I,523 N STRICKER ST
296,0124044,1,HARLEM PARK                              ,I,519 N STRICKER ST
297,0125011,1,HARLEM PARK                              ,I,520 N CAREY ST
298,0125013,1,HARLEM PARK                              ,I,524 N CAREY ST
299,0125020,1,HARLEM PARK                              ,I,538 N CAREY ST
300,0126007,1,HARLEM PARK                              ,I,514 N CARROLLTON AVE
301,0126038,1,HARLEM PARK                              ,I,527 N CAREY ST
302,0126040,1,HARLEM PARK                              ,I,523 N CAREY ST
303,0126041,1,HARLEM PARK                              ,I,521 N CAREY ST
304,0127007,1,HARLEM PARK                              ,I,1118 W FRANKLIN ST
305,0127010,1,HARLEM PARK                              ,I,1124 W FRANKLIN ST
306,0127028,1,HARLEM PARK                              ,I,529 N CARROLLTON AVE
307,0127037,1,HARLEM PARK                              ,I,1115 Edmondson Ave
308,0127040,1,HARLEM PARK                              ,I,1109 EDMONDSON AVE
309,0127043,1,HARLEM PARK                              ,I,1103 EDMONDSON AVE
310,0127051,1,HARLEM PARK                              ,I,524 N ARLINGTON AVE
311,0127052,1,HARLEM PARK                              ,I,522 N ARLINGTON AVE
312,0127054,1,HARLEM PARK                              ,I,518 N ARLINGTON AVE
313,0127057,1,HARLEM PARK                              ,I,512 N ARLINGTON AVE
314,0127058,1,HARLEM PARK                              ,I,510 N ARLINGTON AVE
315,0127059,1,HARLEM PARK                              ,I,508 N ARLINGTON AVE
316,0128033,1,HARLEM PARK                              ,I,1044 W FRANKLIN ST
317,0128061,1,HARLEM PARK                              ,I,514 N SCHROEDER ST
318,0129029,1,HARLEM PARK                              ,I,958 W FRANKLIN ST
319,0145016,1,PENROSE/FAYETTE STREET OUTREACH          ,I,330 N PULASKI ST
320,0147033,1,PENROSE/FAYETTE STREET OUTREACH          ,J,319 N PAYSON ST
321,0147034,1,PENROSE/FAYETTE STREET OUTREACH          ,J,317 N PAYSON ST
322,0147035,1,PENROSE/FAYETTE STREET OUTREACH          ,J,315 N PAYSON ST
323,0147036,1,PENROSE/FAYETTE STREET OUTREACH          ,J,313 N PAYSON ST
324,0147037,1,PENROSE/FAYETTE STREET OUTREACH          ,J,311 N PAYSON ST
325,0148015,1,FRANKLIN SQUARE                          ,J,1822 W SARATOGA ST
326,0148020,1,FRANKLIN SQUARE                          ,J,1812 W SARATOGA ST
327,0148028,1,FRANKLIN SQUARE                          ,J,308 N FULTON AVE
328,0148064,1,FRANKLIN SQUARE                          ,J,321 N MONROE ST
329,0149002,1,FRANKLIN SQUARE                          ,J,302 N MOUNT ST
330,0149003,1,FRANKLIN SQUARE                          ,J,304 N MOUNT ST
331,0149005,1,FRANKLIN SQUARE                          ,J,308 N MOUNT ST
332,0149015,1,FRANKLIN SQUARE                          ,J,328 N MOUNT ST
333,0149023,1,FRANKLIN SQUARE                          ,J,331 N BRUCE ST
334,0149024,1,FRANKLIN SQUARE                          ,J,329 N BRUCE ST
335,0149026,1,FRANKLIN SQUARE                          ,J,325 N BRUCE ST
336,0149038,1,FRANKLIN SQUARE                          ,J,301 N Bruce St
337,0149044,1,FRANKLIN SQUARE                          ,J,310 N BRUCE ST
338,0149051,1,FRANKLIN SQUARE                          ,J,324 N BRUCE ST
339,0149052,1,FRANKLIN SQUARE                          ,J,326 N BRUCE ST
340,0149054,1,FRANKLIN SQUARE                          ,J,330 N BRUCE ST
341,0149060,1,FRANKLIN SQUARE                          ,J,342 N BRUCE ST
342,0150011,1,FRANKLIN SQUARE                          ,J,320 N GILMOR ST
343,0150035,1,FRANKLIN SQUARE                          ,J,321 N MOUNT ST
344,0150036,1,FRANKLIN SQUARE                          ,J,319 N MOUNT ST
345,0150037,1,FRANKLIN SQUARE                          ,J,317 N MOUNT ST
346,0150038,1,FRANKLIN SQUARE                          ,J,315 N MOUNT ST
347,0150041,1,FRANKLIN SQUARE                          ,J,309 N MOUNT ST
348,0150046,1,FRANKLIN SQUARE                          ,J,1626 W SARATOGA ST
349,0150060,1,FRANKLIN SQUARE                          ,J,1615 SARAH ANN ST
350,0151015,1,FRANKLIN SQUARE                          ,J,329 N GILMOR ST
351,0161021,1,PENROSE/FAYETTE STREET OUTREACH          ,J,2024 W LEXINGTON ST
352,0162112,1,PENROSE/FAYETTE STREET OUTREACH          ,J,222 N MONROE ST
353,0163071,1,FRANKLIN SQUARE                          ,J,224 N FULTON AVE
354,0164006,1,FRANKLIN SQUARE                          ,G,233 N FULTON AVE
355,0164007,1,FRANKLIN SQUARE                          ,G,231 N FULTON AVE
356,0164008,1,FRANKLIN SQUARE                          ,G,229 N FULTON AVE
357,0164014,1,FRANKLIN SQUARE                          ,G,217 N FULTON AVE
358,0164016,1,FRANKLIN SQUARE                          ,G,213 N FULTON AVE
359,0164017,1,FRANKLIN SQUARE                          ,G,211 N FULTON AVE
360,0164018,1,FRANKLIN SQUARE                          ,G,209 N FULTON AVE
361,0164019,1,FRANKLIN SQUARE                          ,G,207 N FULTON AVE
362,0164020,1,FRANKLIN SQUARE                          ,G,205 N FULTON AVE
363,0164056,1,FRANKLIN SQUARE                          ,G,230 N MOUNT ST
364,0164065,1,FRANKLIN SQUARE                          ,G,248 N MOUNT ST
365,0164088,1,FRANKLIN SQUARE                          ,G,215 N BRUCE ST
366,0164093,1,FRANKLIN SQUARE                          ,G,202 N BRUCE ST
367,0164094,1,FRANKLIN SQUARE                          ,G,204 N BRUCE ST
368,0164095,1,FRANKLIN SQUARE                          ,G,206 N BRUCE ST
369,0164096,1,FRANKLIN SQUARE                          ,G,208 N BRUCE ST
370,0164097,1,FRANKLIN SQUARE                          ,G,210 N BRUCE ST
371,0164113,1,FRANKLIN SQUARE                          ,G,242 N BRUCE ST
372,0164114,1,FRANKLIN SQUARE                          ,G,244 N BRUCE ST
373,0164115,1,FRANKLIN SQUARE                          ,G,246 N BRUCE ST
374,0164116,1,FRANKLIN SQUARE                          ,G,248 N BRUCE ST
375,0164117,1,FRANKLIN SQUARE                          ,G,250 N BRUCE ST
376,0164118,1,FRANKLIN SQUARE                          ,G,252 N BRUCE ST
377,0164120,1,FRANKLIN SQUARE                          ,G,256 N BRUCE ST
378,0165024,1,FRANKLIN SQUARE                          ,G,1615 W SARATOGA ST
379,0165067A,1,FRANKLIN SQUARE                          ,G,237 N VINCENT ST
380,0169001,1,POPPLETON                                ,I,1220 W LEXINGTON ST
381,0169037,1,POPPLETON                                ,I,209 N CAREY ST
382,0169044,1,POPPLETON                                ,I,1228 RANKIN PL
383,0175008,1,PENROSE/FAYETTE STREET OUTREACH          ,J,2115 W LEXINGTON ST
384,0175101,1,PENROSE/FAYETTE STREET OUTREACH          ,J,2106 W FAYETTE ST
385,0177067,1,PENROSE/FAYETTE STREET OUTREACH          ,J,104 N MONROE ST
386,0177068,1,PENROSE/FAYETTE STREET OUTREACH          ,J,106 N MONROE ST
387,0177074,1,PENROSE/FAYETTE STREET OUTREACH          ,J,1927 VINE ST
388,0178007,1,FRANKLIN SQUARE                          ,J,1813 W LEXINGTON ST
389,0178025,1,FRANKLIN SQUARE                          ,J,113 N MONROE ST
390,0178033,1,FRANKLIN SQUARE                          ,J,1848 W FAYETTE ST
391,0179009,1,FRANKLIN SQUARE                          ,G,1717 W LEXINGTON ST
392,0179016,1,FRANKLIN SQUARE                          ,G,125 N FULTON AVE
393,0179024,1,FRANKLIN SQUARE                          ,G,109 N FULTON AVE
394,0179036,1,FRANKLIN SQUARE                          ,G,1718 W FAYETTE ST
395,0181009,1,FRANKLIN SQUARE                          ,F,1517 W LEXINGTON ST
396,0181010,1,FRANKLIN SQUARE                          ,F,1519 W LEXINGTON ST
397,0181011,1,FRANKLIN SQUARE                          ,F,1521 W LEXINGTON ST
398,0181019,1,FRANKLIN SQUARE                          ,F,111 N GILMOR ST
399,0181046,1,FRANKLIN SQUARE                          ,F,1502 VINE ST
400,0181047,1,FRANKLIN SQUARE                          ,F,1504 VINE ST
401,0181048,1,FRANKLIN SQUARE                          ,F,1506 VINE ST
402,0181049,1,FRANKLIN SQUARE                          ,F,1508 VINE ST
403,0181062,1,FRANKLIN SQUARE                          ,F,1507 VINE ST
404,0185126,1,POPPLETON                                ,G,1005 VINE ST
405,0189013,1,PENROSE/FAYETTE STREET OUTREACH          ,J,25 N BENTALOU ST
406,0190089,1,PENROSE/FAYETTE STREET OUTREACH          ,J,2116 W FAIRMOUNT AVE
407,0193094,1,FRANKLIN SQUARE                          ,J,1816 W FAIRMOUNT AVE
408,0194002,1,FRANKLIN SQUARE                          ,G,1703 W FAYETTE ST
409,0194042,1,FRANKLIN SQUARE                          ,G,4 N MOUNT ST
410,0194043,1,FRANKLIN SQUARE                          ,G,6 N MOUNT ST
411,0194044,1,FRANKLIN SQUARE                          ,G,8 N MOUNT ST
412,0194045,1,FRANKLIN SQUARE                          ,G,10 N MOUNT ST
413,0194046,1,FRANKLIN SQUARE                          ,G,12 N MOUNT ST
414,0194047,1,FRANKLIN SQUARE                          ,G,14 N Mount St
415,0194048,1,FRANKLIN SQUARE                          ,G,16 N MOUNT ST
416,0194050,1,FRANKLIN SQUARE                          ,G,20 N MOUNT ST
417,0194067,1,FRANKLIN SQUARE                          ,G,19 N Bruce St
418,0194068,1,FRANKLIN SQUARE                          ,G,17 N BRUCE ST
419,0194069,1,FRANKLIN SQUARE                          ,G,15 N Bruce St
420,0194076,1,FRANKLIN SQUARE                          ,G,34 N BRUCE ST
421,0196027,1,FRANKLIN SQUARE                          ,G,7 N GILMOR ST
422,0197058,1,FRANKLIN SQUARE                          ,F," SS 10 FT ALLEY 1ST S OF, FAYETTE ST REAR, 17-23 N STRICKER ST "
423,0204004,1,BOYD-BOOTH                               ,J,2267 W BALTIMORE ST
424,0206023,1,BOYD-BOOTH                               ,J,2046 HOLLINS ST
425,0208002A,1,FRANKLIN SQUARE                          ,I," NS BOOTH ST, 20'W S FULTON AVE "
426,0208003A,1,FRANKLIN SQUARE                          ,I," NS BOOTH ST, 35'3 W S FULTON AVE "
427,0208015A,1,FRANKLIN SQUARE                          ,I," NS BOOTH ST, 218'2 W S FULTON AVE "
428,0208016A,1,FRANKLIN SQUARE                          ,I," NS BOOTH ST, 233'6 W S FULTON AVE "
429,0208017A,1,FRANKLIN SQUARE                          ,I," NS BOOTH ST, 161'6 E S MONROE ST "
430,0208018A,1,FRANKLIN SQUARE                          ,I," NS BOOTH ST, 146'3 E S MONROE ST "
431,0208021A,1,FRANKLIN SQUARE                          ,I," NS BOOTH ST, 100 FT 6' E S MONROE ST "
432,0212027,1,UNION SQUARE                             ,E,1615 FREDERICK AVE
433,0212029,1,UNION SQUARE                             ,E,1611 FREDERICK AVE
434,0221014,1,SHIPLEY HILL                             ,J,139-141 MCPHAIL ST
435,0221015,1,SHIPLEY HILL                             ,J,143-145 MCPHAIL ST
436,0222002,1,BOYD-BOOTH                               ,J,2103 HOLLINS ST
437,0222004,1,BOYD-BOOTH                               ,J,2107 HOLLINS ST
438,0222047,1,BOYD-BOOTH                               ,J,2130 BOYD ST
439,0222048,1,BOYD-BOOTH                               ,J,2128 BOYD ST
440,0222056,1,BOYD-BOOTH                               ,J,2110 BOYD ST
441,0222059,1,BOYD-BOOTH                               ,J,2104 BOYD ST
442,0222100,1,BOYD-BOOTH                               ,J,32 S PULASKI ST
443,0223024,1,BOYD-BOOTH                               ,J,2047 HOLLINS ST
444,0227045,1,CARROLLTON RIDGE                         ,I,1802 W LOMBARD ST
445,0242106,1,CARROLLTON RIDGE                         ,J,1920 LEMMON ST
446,0244069,1,UNION SQUARE                             ,E,1718-1720 LEMMON ST
447,0249012,1,HOLLINS MARKET                           ,F,1224 W PRATT ST
448,0249058,1,HOLLINS MARKET                           ,F,106 S CARROLLTON AVE
449,0249070,1,HOLLINS MARKET                           ,F,111 S STOCKTON ST
450,0249078,1,HOLLINS MARKET                           ,F,120 S STOCKTON ST
451,0251042,1,HOLLINS MARKET                           ,F,1000 W PRATT ST
452,0252101,1,HOLLINS MARKET                           ,F,935 LEMMON ST
453,0253060,1,HOLLINS MARKET                           ,F,879 LEMMON ST
454,0253061,1,HOLLINS MARKET                           ,F,881 LEMMON ST
455,0258006,1,CARROLLTON RIDGE                         ,J,2011 W PRATT ST
456,0259032,1,CARROLLTON RIDGE                         ,J,1929 W PRATT ST
457,0260074,1,CARROLLTON RIDGE                         ,I,210 S FULTON AVE
458,0260080,1,CARROLLTON RIDGE                         ,I,1807 DOVER ST
459,0260081,1,CARROLLTON RIDGE                         ,I,1809 DOVER ST
460,0260082,1,CARROLLTON RIDGE                         ,I,1811 DOVER ST
461,0260087,1,CARROLLTON RIDGE                         ,I,1821 DOVER ST
462,0260088,1,CARROLLTON RIDGE                         ,I,1825 DOVER ST
463,0260094,1,CARROLLTON RIDGE                         ,I,1835 DOVER ST
464,0260101,1,CARROLLTON RIDGE                         ,I,1832 DOVER ST
465,0262040,1,NEW SOUTHWEST/MOUNT CLARE                ,I,1618 MCHENRY ST
466,0262043,1,NEW SOUTHWEST/MOUNT CLARE                ,I,1612 MCHENRY ST
467,0262055,1,NEW SOUTHWEST/MOUNT CLARE                ,I,232 S GILMOR ST
468,0264074,1,NEW SOUTHWEST/MOUNT CLARE                ,I,1415 Kuper Pl
469,0265082,1,NEW SOUTHWEST/MOUNT CLARE                ,I,217 S WOODYEAR ST
470,0271015,1,CARROLLTON RIDGE                         ,J,328 S SMALLWOOD ST
471,0271043,1,CARROLLTON RIDGE                         ,J,327 FURROW ST
472,0273030,1,CARROLLTON RIDGE                         ,J,2010 RAMSAY ST
473,0274021,1,CARROLLTON RIDGE                         ,J,1900 RAMSAY ST
474,0274030,1,CARROLLTON RIDGE                         ,J,1918 RAMSAY ST
475,0274047,1,CARROLLTON RIDGE                         ,J,319 S Payson St
476,0274048,1,CARROLLTON RIDGE                         ,J,317 S Payson St
477,0274049,1,CARROLLTON RIDGE                         ,J,315 S Payson St
478,0274050,1,CARROLLTON RIDGE                         ,J,313 S Payson St
479,0274051,1,CARROLLTON RIDGE                         ,J,311 S Payson St
480,0276076,1,NEW SOUTHWEST/MOUNT CLARE                ,J,319 S BRUCE ST
481,0276078,1,NEW SOUTHWEST/MOUNT CLARE                ,J,323 S BRUCE ST
482,0276092,1,NEW SOUTHWEST/MOUNT CLARE                ,J,318 S BRUCE ST
483,0279087,1,NEW SOUTHWEST/MOUNT CLARE                ,I,324 S PARRISH ST
484,0291076,1,CARROLLTON RIDGE                         ,I,406 BURNS CT
485,0291077,1,CARROLLTON RIDGE                         ,I,408 BURNS CT
486,0291078,1,CARROLLTON RIDGE                         ,I,410 BURNS CT
487,0293056,1,SANDTOWN-WINCHESTER                      ,J,716 CUMBERLAND ST
488,0293057,1,SANDTOWN-WINCHESTER                      ,J,718 CUMBERLAND ST
489,0293058,1,SANDTOWN-WINCHESTER                      ,J,720 CUMBERLAND ST
490,0293067,1,SANDTOWN-WINCHESTER                      ,J,738 CUMBERLAND ST
491,0294067,1,PENN NORTH                               ,J,604 Cumberland St
492,0294068,1,PENN NORTH                               ,J,602 Cumberland St
493,0294076,1,PENN NORTH                               ,J,2420 N STOCKTON ST
494,0298023,1,DRUID HEIGHTS                            ,I,521 CUMBERLAND ST
495,0298083,1,DRUID HEIGHTS                            ,I,539 SANFORD PL
496,0299007,1,DRUID HEIGHTS                            ,I,1313 W NORTH AVE
497,0299008,1,DRUID HEIGHTS                            ,I,1315 W NORTH AVE
498,0299012,1,DRUID HEIGHTS                            ,I,1323 W NORTH AVE
499,0300C031,1,SANDTOWN-WINCHESTER                      ,I,709 BAKER ST
500,0302005,1,DRUID HEIGHTS,I,2215 PENNSYLVANIA AVE
501,0302042A,1,DRUID HEIGHTS                            ,I," NES BRUNT ST REAR, 2225-33 BRUNT ST "
502,0304028,1,DRUID HEIGHTS                            ,G,2233 DRUID HILL AVE
503,0304031,1,DRUID HEIGHTS                            ,G,2227 DRUID HILL AVE
504,0304033,1,DRUID HEIGHTS                            ,G,2223 DRUID HILL AVE
505,0304041,1,DRUID HEIGHTS                            ,G,2207 DRUID HILL AVE
506,0304044,1,DRUID HEIGHTS                            ,G,2201 DRUID HILL AVE
507,0308002,1,DRUID HEIGHTS                            ,I,2103 DIVISION ST
508,0309033,1,DRUID HEIGHTS                            ,G,2119 DRUID HILL AVE
509,0313008,1,UPTON                                    ,I,2014 DIVISION ST
510,0319024,1,UPTON                                    ,I,1401 N FREMONT AVE
511,0320037,1,UPTON                                    ,I,558 ROBERT ST
512,0320038,1,UPTON                                    ,I,556 ROBERT ST
513,0320039,1,UPTON                                    ,I,554 ROBERT ST
514,0320040,1,UPTON                                    ,I,552 ROBERT ST
515,0320041,1,UPTON                                    ,I,550 ROBERT ST
516,0320042,1,UPTON                                    ,I,548 ROBERT ST
517,0320043,1,UPTON                                    ,I,546 ROBERT ST
518,0320044,1,UPTON                                    ,I,544 ROBERT ST
519,0320045,1,UPTON                                    ,I,542 ROBERT ST
520,0320046,1,UPTON                                    ,I,540 ROBERT ST
521,0320047,1,UPTON                                    ,I,538 ROBERT ST
522,0322023,1,DRUID HEIGHTS                            ,E,405 PRESSTMAN ST
523,0329006,1,DRUID HEIGHTS                            ,E,1810 MCCULLOH ST
524,0336027,1,UPTON                                    ,J,662 PITCHER ST
525,0338074,1,UPTON,J,1705 1/2 BRUNT ST
526,0338077,1,UPTON,J,1711 BRUNT ST
527,0338079,1,UPTON,J,1715 BRUNT ST
528,0338080,1,UPTON,J,1717 BRUNT ST
529,0338081,1,UPTON,J,1719 BRUNT ST
530,0338082,1,UPTON,J,1721 BRUNT ST
531,0338083,1,UPTON,J,1723 BRUNT ST
532,0338084,1,UPTON                                    ,J,1728 BRUNT ST
533,0338085,1,UPTON                                    ,J,1726 BRUNT ST
534,0338086,1,UPTON                                    ,J,1724 BRUNT ST
535,0338087,1,UPTON                                    ,J,1722 BRUNT ST
536,0338088,1,UPTON                                    ,J,1720 BRUNT ST
537,0338089,1,UPTON                                    ,J,1718 BRUNT ST
538,0338090,1,UPTON                                    ,J,1716 BRUNT ST
539,0338091,1,UPTON                                    ,J,1714 BRUNT ST
540,0338092,1,UPTON                                    ,J,1712 BRUNT ST
541,0338093,1,UPTON                                    ,J,1710 BRUNT ST
542,0344024,1,BOLTON HILL                              ,C," SWS MASON ST 38-6 FT, SE OF LAURENS ST "
543,0347045,1,UPTON                                    ,J,534-536 MCMECHEN ST
544,0348019,1,UPTON                                    ,H,503 ISLAMIC WAY (AKA - 503 WILSON STREET)
545,0348020,1,UPTON                                    ,H,505 ISLAMIC WAY (AKA - 505 WILSON STREET)
546,0359034,1,UPTON                                    ,J,631 PITCHER ST
547,0359039,1,UPTON                                    ,J,641 PITCHER ST
548,0359042,1,UPTON                                    ,Subsidized Rental Market," NWS MOSHER ST 253-3 FT, SW OF ARGYLE AV "
549,0359044,1,UPTON                                    ,Subsidized Rental Market," NWS MOSHER ST 299-7 FT, SW OF ARGYLE AV "
550,0359046,1,UPTON                                    ,Subsidized Rental Market,702 MOSHER ST
551,0359048,1,UPTON                                    ,Subsidized Rental Market,706 MOSHER ST
552,0359049,1,UPTON                                    ,Subsidized Rental Market,708 MOSHER ST
553,0359050,1,UPTON                                    ,Subsidized Rental Market,710 MOSHER ST
554,0360023A,1,UPTON                                    ,J,613 PITCHER ST
555,0360024,1,UPTON                                    ,J,611 PITCHER ST
556,0360025,1,UPTON                                    ,J,609 PITCHER ST
557,0360026,1,UPTON                                    ,J,607 PITCHER ST
558,0360028,1,UPTON                                    ,J,603 PITCHER ST
559,0360029,1,UPTON                                    ,J,601 PITCHER ST
560,0360029A,1,UPTON                                    ,J," SES PITCHER ST, SWC PENNSYLVANIA AV "
561,0360030,1,UPTON                                    ,J,600 SMITHSON ST
562,0361002,1,UPTON                                    ,J,545 MCMECHEN ST
563,0362029,1,UPTON                                    ,H," NES 10 FT ALLEY 1ST, SW OF DRUID HILL AV, 122 FT NW OF MOSHER ST "
564,0362031,1,UPTON                                    ,H," NES 10 FT ALLEY, 1ST SW OF DRUID HILL AVE, 199-9 FT NW OF MOSHER ST "
565,0362032,1,UPTON                                    ,H," NES 10 FT ALLEY 1ST, SW OF DRUID HILL AV, 142 FT NW OF MOSHER ST "
566,0362033,1,UPTON                                    ,H," NES 10 FT ALLEY, 1ST SW OF DRUID HILL AVE, 182-3 FT NW OF MOSHER ST "
567,0374030,1,UPTON                                    ,Subsidized Rental Market,605 MOSHER ST
568,0374037,1,UPTON                                    ,Subsidized Rental Market,601 MOSHER ST
569,0375026A,1,UPTON                                    ,Subsidized Rental Market," NWS 3FT ALLEY 1ST SE OF MOSHER ST, 16 FT NE OF BRUNT ST, REAR 549 MOSHER ST "
570,0375027,1,UPTON                                    ,Subsidized Rental Market,551 MOSHER ST
571,0375083,1,UPTON                                    ,Subsidized Rental Market," NES PENNSYLVANIA AV, NEC W LAFAYETTE AV "
572,0392020,1,UPTON                                    ,G,703 W LAFAYETTE AVE
573,0392043,1,UPTON                                    ,G,817 N FREMONT AVE
574,0392044,1,UPTON                                    ,G,815 N FREMONT AVE
575,0396074,1,UPTON                                    ,H," SWS 3 FT ALLEY 1ST, SW OF ETTING ST REAR, 1306 ETTING ST "
576,0411035,1,UPTON                                    ,G,709 N FREMONT AVE
577,0411073,1,UPTON                                    ,G,1201 UPTON ST
578,0411074,1,UPTON                                    ,G,1203 UPTON ST
579,0411075,1,UPTON                                    ,G,1205 UPTON ST
580,0411076,1,UPTON                                    ,G,1207 UPTON ST
581,0411077,1,UPTON                                    ,G,1209 UPTON ST
582,0411078,1,UPTON                                    ,G,1211 UPTON ST
583,0411079,1,UPTON                                    ,G,1213 UPTON ST
584,0411080,1,UPTON                                    ,G,1215 UPTON ST
585,0431010,1,UPTON                                    ,G,1100 Argyle Ave
586,0431043,1,UPTON                                    ,G," NES SHIELDS PL 111 FT, SE OF DOLPHIN ST "
587,0431044,1,UPTON                                    ,G,647 DOLPHIN ST
588,0431104,1,UPTON                                    ,G,1154 SHIELDS PL
589,0431120,1,UPTON                                    ,G,1109 SHIELDS PL
590,0432021,1,UPTON                                    ,G,1145 Argyle Ave
591,0432024,1,UPTON                                    ,G,1139 ARGYLE AVE
592,0432028,1,UPTON                                    ,G,1131 ARGYLE AVE
593,0432029,1,UPTON                                    ,G,1129 ARGYLE AVE
594,0452051,1,UPTON                                    ,E,635 N FREMONT AVE
595,0452052,1,UPTON                                    ,E,633 N FREMONT AVE
596,0452054,1,UPTON                                    ,E,629 N FREMONT AVE
597,0452055,1,UPTON                                    ,E,627 N FREMONT AVE
598,0695005,1,CARROLLTON RIDGE                         ,I,508 S BENTALOU ST
599,0698014,1,CARROLLTON RIDGE                         ,J,426 S PAYSON ST
600,0698051,1,CARROLLTON RIDGE                         ,J,425 S PULASKI ST
601,0698055,1,CARROLLTON RIDGE                         ,J,417 S PULASKI ST
602,0698056,1,CARROLLTON RIDGE                         ,J,415 S PULASKI ST
603,0698076,1,CARROLLTON RIDGE                         ,J,2007 ASHTON ST
604,0698080,1,CARROLLTON RIDGE                         ,J,2000 CHRISTIAN ST
605,0698086,1,CARROLLTON RIDGE                         ,J,2012 CHRISTIAN ST
606,0698087,1,CARROLLTON RIDGE                         ,J,2014 CHRISTIAN ST
607,0698088,1,CARROLLTON RIDGE                         ,J,2016 CHRISTIAN ST
608,0698091,1,CARROLLTON RIDGE                         ,J,2022 CHRISTIAN ST
609,0698092,1,CARROLLTON RIDGE                         ,J,2024 CHRISTIAN ST
610,0698093,1,CARROLLTON RIDGE                         ,J,2026 CHRISTIAN ST
611,0698102,1,CARROLLTON RIDGE                         ,J,2019 CHRISTIAN ST
612,0698105,1,CARROLLTON RIDGE                         ,J,2013 CHRISTIAN ST
613,0698108,1,CARROLLTON RIDGE                         ,J,2007 CHRISTIAN ST
614,0698109,1,CARROLLTON RIDGE                         ,J,2005 CHRISTIAN ST
615,0709024,1,NEW SOUTHWEST/MOUNT CLARE                ,I,400 S CALHOUN ST
616,0709025,1,NEW SOUTHWEST/MOUNT CLARE                ,I,1399 RAMSAY ST
617,0710021,1,NEW SOUTHWEST/MOUNT CLARE                ,I,407 S CALHOUN ST
618,0780138,1,WASHINGTON VILLAGE/PIGTOWN               ,F,1113 WARD ST
619,0780144,1,WASHINGTON VILLAGE/PIGTOWN               ,F,1125 WARD ST
620,0789001A,1,WASHINGTON VILLAGE/PIGTOWN               ,F," SES CARROLL ST, 192-9FT SW OF CAREY ST "
621,0789054,1,WASHINGTON VILLAGE/PIGTOWN               ,F," NWS CLEVELAND ST, 192-9FT SW OF CAREY ST "
622,0847B061,1,WASHINGTON VILLAGE/PIGTOWN               ,E,833 CLIFFORD ST
623,1098031,1,OLIVER                                   ,J,1707 HOLBROOK ST
624,1099A045,1,OLIVER                                   ,J,1837 AISQUITH ST
625,1099B001,1,OLIVER                                   ,J,1216 E LAFAYETTE AVE
626,1099B003,1,OLIVER                                   ,J,1222 E LAFAYETTE AVE
627,1099B015,1,OLIVER                                   ,G,1306 E LAFAYETTE AVE
628,1099B086,1,OLIVER                                   ,J,1821 HOPE ST
629,1099B087,1,OLIVER                                   ,J,1819 HOPE ST
630,1099B088,1,OLIVER                                   ,J,1817 HOPE ST
631,1101055,1,OLIVER                                   ,I,1810 N BOND ST
632,1106002,1,OLIVER                                   ,G,1250 E LANVALE ST
633,1108051,1,OLIVER                                   ,I,1744 N BOND ST
634,1108085,1,OLIVER                                   ,I,1705 N DALLAS ST
635,1108086,1,OLIVER                                   ,I,1703 N DALLAS ST
636,1108087,1,OLIVER                                   ,I,1701 N DALLAS ST
637,1109075,1,OLIVER                                   ,I," ES 10 FT ALLEY 1ST E OF, BOND ST REAR 1711-35 N BOND ST "
638,1109076,1,OLIVER                                   ,I,1700 N BETHEL ST
639,1109078,1,OLIVER                                   ,I,1704 N BETHEL ST
640,1109090,1,OLIVER                                   ,I,1703 N BETHEL ST
641,1109092,1,OLIVER                                   ,I,1707 N BETHEL ST
642,1109097,1,OLIVER                                   ,I,1717 N BETHEL ST
643,1113032,1,OLIVER                                   ,G,1611 HOLBROOK ST
644,1113035,1,OLIVER                                   ,G,1605 HOLBROOK ST
645,1113037,1,OLIVER                                   ,G,1601 HOLBROOK ST
646,1120019,1,GREENMOUNT WEST                          ,E,1537 Barclay St
647,1122020,1,OLIVER                                   ,H,1550 AISQUITH ST
648,1126035,1,OLIVER                                   ,I,1508 E Oliver St
649,1126062,1,OLIVER                                   ,I,1502 N DALLAS ST
650,1132039,1,OLIVER                                   ,H,1423 HOLBROOK ST
651,1132044,1,OLIVER                                   ,H,1413 HOLBROOK ST
652,1132049,1,OLIVER                                   ,H,1403 HOLBROOK ST
653,1143055,1,JOHNSTON SQUARE                          ,J,1319 HILLMAN ST
654,1144072,1,JOHNSTON SQUARE                          ,J,1316 Wilcox St
655,1145037,1,OLIVER                                   ,H," SS E HOFFMAN ST 58 FT, E OF HOLBROOK ST "
656,1145038,1,OLIVER                                   ,H, SS E HOFFMAN ST SEC HOLBROOK ST 
657,1145042,1,OLIVER                                   ,H,1001 E HOFFMAN ST
658,1149A037,1,OLIVER                                   ,I,1308 N SPRING ST
659,1151060,1,OLIVER                                   ,I,1603 Ellsworth St
660,1151062,1,OLIVER                                   ,I,1607 Ellsworth St
661,1151064,1,OLIVER                                   ,I,1611 Ellsworth St
662,1151065,1,OLIVER                                   ,I,1613 ELLSWORTH ST
663,1151066,1,OLIVER                                   ,I,1615 ELLSWORTH ST
664,1151067,1,OLIVER                                   ,I,1617 ELLSWORTH ST
665,1151068,1,OLIVER                                   ,I,1619 ELLSWORTH ST
666,1151069,1,OLIVER                                   ,I,1621 ELLSWORTH ST
667,1151070,1,OLIVER                                   ,I,1623 Ellsworth St
668,1151073,1,OLIVER                                   ,I,1629 ELLSWORTH ST
669,1151074,1,OLIVER                                   ,I,1631 Ellsworth St
670,1151075,1,OLIVER                                   ,I,1633 ELLSWORTH ST
671,1151076,1,OLIVER                                   ,I,1635 Ellsworth St
672,1151078,1,OLIVER                                   ,I,1639 Ellsworth St
673,1151082,1,OLIVER                                   ,I,1608 Ellsworth St
674,1151087,1,OLIVER                                   ,I,1618 Ellsworth St
675,1158003,1,OLIVER                                   ,H,1205 ENSOR ST
676,1158006,1,OLIVER                                   ,H,1211 ENSOR ST
677,1158045,1,OLIVER                                   ,H,1212 AISQUITH ST
678,1158046,1,OLIVER                                   ,H,1210 AISQUITH ST
679,1158047,1,OLIVER                                   ,H,1208 AISQUITH ST
680,1158048,1,OLIVER                                   ,H,1206 AISQUITH ST
681,1158049,1,OLIVER                                   ,H,1204 AISQUITH ST
682,1158069,1,OLIVER                                   ,H,1200 HOLBROOK ST
683,1158070,1,OLIVER                                   ,H,1202 HOLBROOK ST
684,1158071,1,OLIVER                                   ,H,1204 HOLBROOK ST
685,1158072,1,OLIVER                                   ,H,1206 HOLBROOK ST
686,1158073,1,OLIVER                                   ,H,1208 HOLBROOK ST
687,1158074,1,OLIVER                                   ,H,1210 HOLBROOK ST
688,1158075,1,OLIVER                                   ,H,1212 HOLBROOK ST
689,1158076,1,OLIVER                                   ,H,1214 HOLBROOK ST
690,1158077,1,OLIVER                                   ,H,1216 HOLBROOK ST
691,1158078,1,OLIVER                                   ,H,1218 HOLBROOK ST
692,1158079,1,OLIVER                                   ,H,1220 HOLBROOK ST
693,1158080,1,OLIVER                                   ,H,1222 HOLBROOK ST
694,1158081,1,OLIVER                                   ,H,1224 HOLBROOK ST
695,1158082,1,OLIVER                                   ,H,1226 HOLBROOK ST
696,1158083,1,OLIVER                                   ,H,1227 HOLBROOK ST
697,1158084,1,OLIVER                                   ,H,1225 HOLBROOK ST
698,1158085,1,OLIVER                                   ,H,1223 HOLBROOK ST
699,1158086,1,OLIVER                                   ,H,1221 HOLBROOK ST
700,1158087,1,OLIVER                                   ,H,1219 HOLBROOK ST
701,1158088,1,OLIVER                                   ,H,1217 HOLBROOK ST
702,1158089,1,OLIVER                                   ,H,1215 HOLBROOK ST
703,1158090,1,OLIVER                                   ,H,1213 HOLBROOK ST
704,1158091,1,OLIVER                                   ,H,1211 HOLBROOK ST
705,1158092,1,OLIVER                                   ,H,1209 HOLBROOK ST
706,1158093,1,OLIVER                                   ,H,1207 HOLBROOK ST
707,1158094,1,OLIVER                                   ,H,1205 HOLBROOK ST
708,1158095,1,OLIVER                                   ,H,1201-1203 HOLBROOK ST
709,1158097,1,OLIVER                                   ,H," NWS HARFORD AVE, SWC E PRESTON ST "
710,1162042,1,OLIVER                                   ,H,1204 N CAROLINE ST
711,1163067,1,OLIVER                                   ,E,1211 N DALLAS ST
712,1164B008,1,GAY STREET                               ,E,1624 E CHASE ST
713,1177028,1,GAY STREET                               ,E,1117 1/2 N CAROLINE ST
714,1177045,1,GAY STREET                               ,E,1105 N DALLAS ST
715,1177046,1,GAY STREET                               ,E,1107 N DALLAS ST
716,1177047,1,GAY STREET                               ,E,1109 N DALLAS ST
717,1177048,1,GAY STREET                               ,E,1111 N DALLAS ST
718,1177049,1,GAY STREET                               ,E,1113 N Dallas St
719,1177050,1,GAY STREET                               ,E,1115 N DALLAS ST
720,1177051,1,GAY STREET                               ,E,1117 N DALLAS ST
721,1177052,1,GAY STREET                               ,E,1119 N DALLAS ST
722,1177053,1,GAY STREET                               ,E,1121 N DALLAS ST
723,1189005,1,JOHNSTON SQUARE                          ,H,1042 N Eden St
724,1191029,1,GAY STREET                               ,E,1521 E CHASE ST
725,1191030,1,GAY STREET                               ,E,1523 E CHASE ST
726,1209022,1,GAY STREET                               ,G,1443 E Eager St
727,1209023,1,GAY STREET                               ,G,1445 E Eager St
728,1209024,1,GAY STREET                               ,G,928 N CAROLINE ST
729,1209031,1,GAY STREET                               ,G,926 N CAROLINE ST
730,1227045,1,GAY STREET                               ,G,835 N CAROLINE ST
731,1227046,1,GAY STREET                               ,G,833 N CAROLINE ST
732,1227060,1,GAY STREET                               ,G,805 N CAROLINE ST
733,1317002,1,DUNBAR-BROADWAY                          ,Subsidized Rental Market,315-317 N EDEN ST
734,1446108,1,BROADWAY EAST                            ,I,1833 N REGESTER ST
735,1446109,1,BROADWAY EAST                            ,I,1835 N REGESTER ST
736,1446113,1,BROADWAY EAST                            ,I,1843 N REGESTER ST
737,1447027,1,BROADWAY EAST                            ,J,1811 E NORTH AVE
738,1448120,1,BROADWAY EAST                            ,I,1841 N Chapel St
739,1449018,1,BROADWAY EAST                            ,I,1800 N Castle St
740,1449027,1,BROADWAY EAST                            ,I,1818 N CASTLE ST
741,1449032,1,BROADWAY EAST                            ,I,1828 N CASTLE ST
742,1450005,1,BROADWAY EAST                            ,J,1809 N CHESTER ST
743,1451004,1,BROADWAY EAST                            ,J,1732 N GAY ST
744,1451017,1,BROADWAY EAST                            ,J,2243 E NORTH AVE
745,1451068,1,BROADWAY EAST                            ,J,1803 N COLLINGTON AVE
746,1451079,1,BROADWAY EAST                            ,J,1705 N COLLINGTON AVE
747,1454013,1,BROADWAY EAST                            ,J,2424 E LAFAYETTE AVE
748,1454042,1,BROADWAY EAST                            ,J,1867 N GAY ST
749,1455046,1,BEREA                                    ,I,1737 N MILTON AVE
750,1455050,1,BEREA                                    ,I,1747 N MILTON AVE
751,1455052,1,BEREA                                    ,I,1803 N MILTON AVE
752,1455055,1,BEREA                                    ,I,1809 N MILTON AVE
753,1456105,1,BROADWAY EAST                            ,I,1720 TERRELL PL
754,1456106,1,BROADWAY EAST                            ,I,1722 TERRELL PL
755,1456107,1,BROADWAY EAST                            ,I,1724 TERRELL PL
756,1456108,1,BROADWAY EAST                            ,I,1726 TERRELL PL
757,1456110,1,BROADWAY EAST                            ,I,1730 TERRELL PL
758,1456111,1,BROADWAY EAST                            ,I,1732 TERRELL PL
759,1456115,1,BROADWAY EAST                            ,I,1723 TERRELL PL
760,1457080,1,BROADWAY EAST                            ,J,1707 N Durham St
761,1458066,1,BROADWAY EAST                            ,J,1704 N CHAPEL ST
762,1458067,1,BROADWAY EAST                            ,J,1706 N CHAPEL ST
763,1458068,1,BROADWAY EAST                            ,J,1708 N CHAPEL ST
764,1458070,1,BROADWAY EAST                            ,J,1712 N CHAPEL ST
765,1458080,1,BROADWAY EAST                            ,I,1707 N CHAPEL ST
766,1458081,1,BROADWAY EAST                            ,I,1709 N CHAPEL ST
767,1458083,1,BROADWAY EAST                            ,I,1713 N CHAPEL ST
768,1458084,1,BROADWAY EAST                            ,I,1715 N CHAPEL ST
769,1458087,1,BROADWAY EAST                            ,I,1721 N CHAPEL ST
770,1458089,1,BROADWAY EAST                            ,I,1725 N CHAPEL ST
771,1459039,1,BROADWAY EAST                            ,I,1749 N CASTLE ST
772,1459053,1,BROADWAY EAST                            ,I,1701 N CASTLE ST
773,1463009,1,BROADWAY EAST                            ,J,1715 N PATTERSON PARK AVE
774,1464055,1,BROADWAY EAST                            ,J,1725 N PORT ST
775,1464059,1,BROADWAY EAST                            ,J,1706 N PORT ST
776,1464060,1,BROADWAY EAST                            ,J,1708 N PORT ST
777,1464069,1,BROADWAY EAST                            ,J,1726 N PORT ST
778,1464093,1,BROADWAY EAST                            ,J,1735 N MONTFORD AVE
779,1467066,1,BROADWAY EAST                            ,I,1626 N DURHAM ST
780,1467092,1,BROADWAY EAST                            ,I,1601 N DURHAM ST
781,1468040,1,BROADWAY EAST                            ,I,1630 N WASHINGTON ST
782,1468065,1,BROADWAY EAST                            ,I,1602 N CHAPEL ST
783,1468076,1,BROADWAY EAST                            ,I,1624 N CHAPEL ST
784,1468079,1,BROADWAY EAST                            ,I,1605 N CHAPEL ST
785,1473023,1,BROADWAY EAST                            ,J,1645 N PATTERSON PARK AVE
786,1477046,1,BROADWAY EAST                            ,I,1518 RUTLAND AVE
787,1477095,1,BROADWAY EAST                            ,I,1507 N REGESTER ST
788,1477104,1,BROADWAY EAST                            ,I,1711 CRYSTAL AVE
789,1478027,1,BROADWAY EAST                            ,I,1544 N WOLFE ST
790,1478028,1,BROADWAY EAST                            ,I,1542 N WOLFE ST
791,1478031,1,BROADWAY EAST                            ,I,1536 N WOLFE ST
792,1479045,1,BROADWAY EAST                            ,I,1514 N Washington St
793,1479061,1,BROADWAY EAST                            ,I,1500 N CHAPEL ST
794,1479075,1,BROADWAY EAST                            ,I,1525 N CHAPEL ST
795,1479078,1,BROADWAY EAST                            ,I,1519 N CHAPEL ST
796,1483077,1,BROADWAY EAST                            ,J,1517 N MADEIRA ST
797,1483078,1,BROADWAY EAST                            ,J,1515 N MADEIRA ST
798,1483079,1,BROADWAY EAST                            ,J,1513 N MADEIRA ST
799,1483083,1,BROADWAY EAST                            ,J,1505 N MADEIRA ST
800,1483084,1,BROADWAY EAST                            ,J,1503 N MADEIRA ST
801,1483085,1,BROADWAY EAST                            ,J,1501 N MADEIRA ST
802,1484022,1,BROADWAY EAST                            ,J,1543 N PATTERSON PARK AVE
803,1484064,1,BROADWAY EAST                            ,J,1500 N BRADFORD ST
804,1484072,1,BROADWAY EAST                            ,J,1516 N BRADFORD ST
805,1486044,1,BEREA                                    ,J,2502 E OLIVER ST
806,1486045,1,BEREA                                    ,J,2500 E OLIVER ST
807,1494005,1,BROADWAY EAST                            ,I,1407 N Broadway
808,1494006,1,BROADWAY EAST                            ,I,1409 N Broadway
809,1494007,1,BROADWAY EAST                            ,I,1411 N BROADWAY 
810,1494008,1,BROADWAY EAST                            ,I,1413 N BROADWAY
811,1494090,1,BROADWAY EAST                            ,I,1701 LLEWELYN AVE
812,1494091,1,BROADWAY EAST                            ,I,1703 LLEWELYN AVE
813,1494092,1,BROADWAY EAST                            ,I,1705 LLEWELYN AVE
814,1494093,1,BROADWAY EAST                            ,I,1707 LLEWELYN AVE
815,1494094,1,BROADWAY EAST                            ,I,1709 LLEWELYN AVE
816,1494095,1,BROADWAY EAST                            ,I,1711 LLEWELYN AVE
817,1494096,1,BROADWAY EAST                            ,I,1713 LLEWELYN AVE
818,1494097,1,BROADWAY EAST                            ,I,1715 LLEWELYN AVE
819,1498003,1,BROADWAY EAST                            ,I,1416 N CHESTER ST
820,1498005,1,BROADWAY EAST                            ,I,1420 N CHESTER ST
821,1498008,1,BROADWAY EAST                            ,I,1426 N CHESTER ST
822,1498012,1,BROADWAY EAST                            ,I,2041 E OLIVER ST
823,1499024,1,BROADWAY EAST                            ,I,2046 E HOFFMAN ST
824,1500025,1,BROADWAY EAST                            ,J,1423 N CHESTER ST
825,1500030,1,BROADWAY EAST                            ,J,2110 LLEWELYN AVE
826,1500030A,1,BROADWAY EAST                            ,J,2112 LLEWELYN AVE
827,1500030B,1,BROADWAY EAST                            ,J,2114 LLEWELYN AVE
828,1500031,1,BROADWAY EAST                            ,J,2118 LLEWELYN AVE
829,1501019,1,BROADWAY EAST                            ,J,2125 Llewelyn Ave
830,1501024,1,BROADWAY EAST                            ,J,2115 LLEWELYN AVE
831,1503019,1,BROADWAY EAST                            ,J,1437 N Patterson Park Ave
832,1516018,1,BROADWAY EAST                            ,I,1342 N WASHINGTON ST
833,1516055,1,BROADWAY EAST                            ,I,1316 N CHAPEL ST
834,1516060,1,BROADWAY EAST                            ,I,1318 N CHAPEL ST
835,1516061,1,BROADWAY EAST                            ,I,1320 N CHAPEL ST
836,1516062,1,BROADWAY EAST                            ,I,1322 N CHAPEL ST
837,1516063,1,BROADWAY EAST                            ,I,1324 N CHAPEL ST
838,1517081,1,BROADWAY EAST                            ,I,1319 N WASHINGTON ST
839,1517105,1,BROADWAY EAST                            ,I,2002 ELLSWORTH ST
840,1517117,1,BROADWAY EAST                            ,I,2026 ELLSWORTH ST
841,1517118,1,BROADWAY EAST                            ,I,2028 ELLSWORTH ST
842,1517119,1,BROADWAY EAST                            ,I,2030 ELLSWORTH ST
843,1517122,1,BROADWAY EAST                            ,I,2036 ELLSWORTH ST
844,1519043,1,BROADWAY EAST                            ,J,2301 E HOFFMAN ST
845,1520017,1,BROADWAY EAST                            ,J,2438 E PRESTON ST
846,1521001,1,BEREA                                    ,J,2500-2502 E PRESTON ST
847,1521024,1,BEREA                                    ,I,1301 N Rose St
848,1521067,1,BEREA                                    ,I,2526 GROGAN AVE
849,1536001,1,BROADWAY EAST                            ,J,2301 E PRESTON ST
850,1536026,1,BROADWAY EAST                            ,J,1200 N MONTFORD AVE
851,1537007,1,BROADWAY EAST                            ,J,2422 E Biddle St
852,1553089,1,MIDDLE EAST                              ,J,2200 HENNEMAN AVE
853,1554041,1,BIDDLE STREET                            ,J,1110 N MONTFORD AVE
854,1568060,1,MIDDLE EAST,C,2014 E Eager St
855,1570029,1,MIDDLE EAST                              ,J,1030 N PATTERSON PARK AVE
856,1570068,1,MIDDLE EAST                              ,J,2244 PRENTISS PL
857,1593014,1,MADISON-EASTEND                          ,I," ES N LUZERNE AV 20 FT, N OF EAGER ST "
858,1623083,1,MILTON-MONTFORD                          ,I,712 N BRADFORD ST
859,1623087,1,MILTON-MONTFORD                          ,I,704 N BRADFORD ST
860,1625084,1,MILTON-MONTFORD                          ,I,719 N ROSE ST
861,1640084,1,MCELDERRY PARK                           ,H,612 N PORT ST
862,1642097,1,MCELDERRY PARK                           ,I,601 N GLOVER ST
863,1653082,1,CARE                                     ,,504 N MADEIRA ST
864,1653083,1,CARE                                     ,,502 N MADEIRA ST
865,1653084,1,CARE                                     ,,500 N MADEIRA ST
866,1653085,1,CARE                                     ,,503 N MADEIRA ST
867,1653086,1,CARE                                     ,,505 N MADEIRA ST
868,1653087,1,CARE                                     ,,507 N MADEIRA ST
869,1653088,1,CARE                                     ,,509 N MADEIRA ST
870,1653090,1,CARE                                     ,,513 N MADEIRA ST
871,1653091,1,CARE                                     ,,515 N MADEIRA ST
872,1653093,1,CARE                                     ,,519 N MADEIRA ST
873,1653094,1,CARE                                     ,,521 N MADEIRA ST
874,1653096,1,CARE                                     ,,525 N MADEIRA ST
875,1654092,1,MCELDERRY PARK                           ,I," SS 10 FT ALLEY 1ST S OF, MCELDERRY ST REAR, 2346-48 WALDO CT"
876,1669021,1,CARE                                     ,,2115 JEFFERSON ST
877,1669034,1,CARE                                     ,E,428 N COLLINGTON AVE
878,1687017,1,CARE                                     ,,2107 ORLEANS ST
879,1687018,1,CARE                                     ,,2109 ORLEANS ST
880,2140009,1,MILLHILL                                 ,I,2633-2637 FREDERICK AVE
881,2141007,1,MILLHILL                                 ,I,2625 Lehman St
882,2141035,1,MILLHILL                                 ,I,2660 DULANY ST
883,2141045,1,MILLHILL                                 ,I,2640 DULANY ST
884,2141050,1,MILLHILL                                 ,I,2630 DULANY ST
885,2153085,1,PENROSE/FAYETTE STREET OUTREACH          ,I,2320 W BALTIMORE ST
886,2154012,1,PENROSE/FAYETTE STREET OUTREACH          ,I,2304 W FAYETTE ST
887,2165001,1,SHIPLEY HILL                             ,J,59 N CATHERINE ST
888,2165003,1,SHIPLEY HILL                             ,J,55 N CATHERINE ST
889,2169029,1,SHIPLEY HILL                             ,J,2750 W FAIRMOUNT AVE
890,2170B056,1,SHIPLEY HILL                             ,J,2531 W FAIRMOUNT AVE
891,2174A045,1,SHIPLEY HILL                             ,J,104 WILLARD ST
892,2174A046,1,SHIPLEY HILL                             ,J,102 Willard St
893,2174A071,1,SHIPLEY HILL                             ,J,133 S CATHERINE ST
894,2174A072,1,SHIPLEY HILL                             ,J,135 S CATHERINE ST
895,2174A077B,1,SHIPLEY HILL                             ,J,205 S CATHERINE ST
896,2174A077D,1,SHIPLEY HILL                             ,J,209 S CATHERINE ST
897,2174A077G,1,SHIPLEY HILL                             ,J,215 S CATHERINE ST
898,2174A077K,1,SHIPLEY HILL                             ,J,223 S CATHERINE ST
899,2176105,1,SHIPLEY HILL                             ,J,2502 EMERSON ST
900,2177001,1,SHIPLEY HILL                             ,J,2562 FREDERICK AVE
901,2183011,1,SHIPLEY HILL                             ,J,316 S FRANKLINTOWN ROAD
902,2183012,1,SHIPLEY HILL                             ,J,318 S FRANKLINTOWN ROAD
903,2195031,1,CARROLL-SOUTH HILTON                     ,H,361 FONTHILL AVE
904,2205083,1,ROSEMONT HOMEOWNERS/TENANTS              ,I,2414 W FRANKLIN ST
905,2206B076,1,ROSEMONT HOMEOWNERS/TENANTS              ,I,2500 W FRANKLIN ST
906,2244B006,1,IRVINGTON                                ,H,3328 FREDERICK AVE
907,2364002,1,BRIDGEVIEW/GREENLAWN                     ,H,2503 W LAFAYETTE AVE
908,2378003A,1,MOSHER                                   ,I,807 N DUKELAND ST
909,2378003D,1,MOSHER                                   ,I,813 N DUKELAND ST
910,2382039,1,MOSHER                                   ,I,2714 PROSPECT ST
911,2384001,1,MOSHER                                   ,I,2801 MOSHER ST
912,2387029,1,MOSHER                                   ,I,901 N DUKELAND ST
913,2387030,1,MOSHER                                   ,I,903 N DUKELAND ST
914,2390003,1,WINCHESTER                               ,H, NS LAURENS ST NWC BRADDISH AV 
915,2404019,1,COPPIN HEIGHTS/ASH-CO-EAST               ,I,2703 PRESBURY ST
916,2444014,1,WINCHESTER                               ,I,1200 BLOOMINGDALE ROAD
917,2445025,1,FRANKLINTOWN ROAD                        ,I,2910 RIGGS AVE
918,2475026,1,FRANKLINTOWN ROAD                        ,I,3050 EDMONDSON AVE
919,2475C004,1,FRANKLINTOWN ROAD                        ,I,3006 W LANVALE ST
920,2482B008,1,FRANKLINTOWN ROAD                        ,J,2916 EDMONDSON AVE
921,2482B018,1,FRANKLINTOWN ROAD                        ,J,2936 EDMONDSON AVE
922,2483004,1,EDGEWOOD                                 ,H,3314 EDMONDSON AVE
923,2501073,1,EDGEWOOD                                 ,H,700 DENISON ST
924,2541014,1,IRVINGTON                                ,H,25 S AUGUSTA AVE
925,3003063,1,WALBROOK                                 ,H,3001 HERBERT ST
926,3003066,1,WALBROOK                                 ,H,3007 HERBERT ST
927,3003070,1,WALBROOK                                 ,H,3015 HERBERT ST
928,3004063,1,WALBROOK                                 ,H,1910 POPLAR GROVE ST
929,3004069F,1,WALBROOK                                 ,H,2933 HERBERT ST
930,3005014,1,WALBROOK                                 ,H,2832 W NORTH AVE
931,3007004,1,WALBROOK                                 ,I,1908 BRADDISH AVE
932,3017001,1,WALBROOK                                 ,H,3300 WALBROOK AVE
933,3017010,1,WALBROOK                                 ,H,2005 DENISON ST
934,3032027C,1,WALBROOK                                 ,H," SS POPLAR TER 110 FT, E OF LONGWOOD ST"
935,3165004,1,PARK CIRCLE                              ,I,3710 TOWANDA AVE
936,3167010,1,PARK CIRCLE                              ,I,2801 HILLDALE AVE
937,3167011,1,PARK CIRCLE                              ,I,2803 Hilldale Ave
938,3167032,1,PARK CIRCLE                              ,I,2816 SUFFOLK AVE
939,3168017,1,PARK CIRCLE                              ,I,2815 NORFOLK AVE
940,3173018,1,PARK CIRCLE                              ,I,2900 ROCKROSE AVE
941,3176001,1,PARK CIRCLE                              ,I,3738 REISTERSTOWN ROAD
942,3176002,1,PARK CIRCLE                              ,I,3736 REISTERSTOWN ROAD
943,3176003,1,PARK CIRCLE                              ,I,3734 REISTERSTOWN ROAD
944,3176008,1,PARK CIRCLE                              ,I,3724 REISTERSTOWN ROAD
945,3176010,1,PARK CIRCLE                              ,I,3720 REISTERSTOWN ROAD
946,3176011,1,PARK CIRCLE                              ,I,3718 REISTERSTOWN ROAD
947,3176012,1,PARK CIRCLE                              ,I,3716 REISTERSTOWN ROAD
948,3176032,1,PARK CIRCLE                              ,I,3707 TOWANDA AVE
949,3176039,1,PARK CIRCLE                              ,I,3721 TOWANDA AVE
950,3177001,1,PARK CIRCLE                              ,I,3800 REISTERSTOWN ROAD
951,3177014,1,PARK CIRCLE                              ,I,3826 REISTERSTOWN ROAD
952,3177015,1,PARK CIRCLE                              ,I,3828 REISTERSTOWN ROAD
953,3177016,1,PARK CIRCLE                              ,I,3830 REISTERSTOWN ROAD
954,3177A008,1,PARK CIRCLE                              ,I,2914 SPRINGHILL AVE
955,3177A009,1,PARK CIRCLE                              ,I,2916 SPRINGHILL AVE
956,3185079,1,TOWANDA-GRANTLEY                         ,J,2812 BOARMAN AVE
957,3185082,1,TOWANDA-GRANTLEY                         ,J,2806 BOARMAN AVE
958,3185A007,1,TOWANDA-GRANTLEY                         ,J,4314 REISTERSTOWN ROAD
959,3190050,1,TOWANDA-GRANTLEY                         ,J," SWS 25 FT ALLEY 1ST, SW OF TOWANDA AV, 77-7FT SE OF LAPORTE ST"
960,3190060,1,TOWANDA-GRANTLEY                         ,J," NWS LAPORTE ST, 2821 RIDGEWOOD AV REAR"
961,3190061,1,TOWANDA-GRANTLEY                         ,J," NWS LAPORTE ST, 2823 RIDGEWOOD AV REAR"
962,3190062,1,TOWANDA-GRANTLEY                         ,J," NWS LAPORTE ST, 2825 RIDGEWOOD AV REAR"
963,3190063,1,TOWANDA-GRANTLEY                         ,J," NWS LAPORTE ST, 2827 RIDGEWOOD AV REAR"
964,3190065,1,TOWANDA-GRANTLEY                         ,J,2832 LAPORTE ST
965,3193008,1,LUCILLE PARK                             ,J,4514 REISTERSTOWN ROAD
966,3196003,1,LUCILLE PARK                             ,J,4606 REISTERSTOWN ROAD
967,3196F028,1,LUCILLE PARK                             ,J,3525 VIRGINIA AVE
968,3196F030,1,LUCILLE PARK                             ,J,3529 VIRGINIA AVE
969,3196F031,1,LUCILLE PARK                             ,J,3531 VIRGINIA AVE
970,3197001,1,LUCILLE PARK                             ,J,4634 REISTERSTOWN ROAD
971,3197002,1,LUCILLE PARK                             ,J,4636 REISTERSTOWN ROAD
972,3197006,1,LUCILLE PARK                             ,J,4644 REISTERSTOWN ROAD
973,3197032,1,LUCILLE PARK                             ,J,3514 VIRGINIA AVE
974,3197033,1,LUCILLE PARK                             ,J,3516 VIRGINIA AVE
975,3197034,1,LUCILLE PARK                             ,J,3518 VIRGINIA AVE
976,3197036,1,LUCILLE PARK                             ,J,3522 VIRGINIA AVE
977,3197037,1,LUCILLE PARK                             ,J,3524 VIRGINIA AVE
978,3197038,1,LUCILLE PARK                             ,J,3526 VIRGINIA AVE
979,3197040,1,LUCILLE PARK                             ,J,3530 VIRGINIA AVE
980,3197045,1,LUCILLE PARK                             ,J,3540 VIRGINIA AVE
981,3204004,1,MONDAWMIN                                ,I,2206 W NORTH AVE
982,3211033,1,MONDAWMIN                                ,J,2019 N PULASKI ST
983,3211079,1,MONDAWMIN                                ,J,2023 RIDGEHILL AVE
984,3234015,1,PARKVIEW/WOODBROOK                       ,H,2301 BRYANT AVE
985,3301028,1,CENTRAL PARK HEIGHTS                     ,I,4642 PARK HEIGHTS AVE
986,3301090,1,CENTRAL PARK HEIGHTS                     ,I,3435 DUPONT AVE
987,3301101,1,CENTRAL PARK HEIGHTS                     ,I,4611 REISTERSTOWN ROAD
988,3301101B,1,CENTRAL PARK HEIGHTS                     ,I,4607 REISTERSTOWN ROAD
989,3301120O,1,CENTRAL PARK HEIGHTS                     ,I,3308 SAINT AMBROSE AVE
990,3304007A,1,CENTRAL PARK HEIGHTS                     ,I," REAR NES PARK HTS. AV, REAR 4341 PARK HEIGHTS AV "
991,3305028,1,CENTRAL PARK HEIGHTS                     ,I,2710 BOARMAN AVE
992,3305030,1,CENTRAL PARK HEIGHTS                     ,I,2706 BOARMAN AVE
993,3305A019,1,CENTRAL PARK HEIGHTS                     ,J,4321 REISTERSTOWN ROAD
994,3305A020,1,CENTRAL PARK HEIGHTS                     ,J,4319 REISTERSTOWN ROAD
995,3305A021,1,CENTRAL PARK HEIGHTS                     ,,4307 REISTERSTOWN ROAD
996,3305A024,1,CENTRAL PARK HEIGHTS                     ,J,4305 REISTERSTOWN ROAD
997,3305A025,1,CENTRAL PARK HEIGHTS                     ,J,4303 REISTERSTOWN ROAD
998,3305A027,1,CENTRAL PARK HEIGHTS                     ,J,2716 CLASSEN AVE
999,3305A032,1,CENTRAL PARK HEIGHTS                     ,J,2706 CLASSEN AVE
1000,3307A005,1,CENTRAL PARK HEIGHTS                     ,I,4209 PARK HEIGHTS AVE
1001,3307A011,1,CENTRAL PARK HEIGHTS                     ,I,4223 PARK HEIGHTS AVE
1002,3307A015,1,CENTRAL PARK HEIGHTS                     ,I,4231 PARK HEIGHTS AVE
1003,3307A069,1,CENTRAL PARK HEIGHTS                     ,I," NES 10 FT ALLEY 1ST, NE OF PARK HTS. AV REAR, 4227-37 PARK HEIGHTS AV "
1004,3311009,1,CENTRAL PARK HEIGHTS                     ,J,4218 PARK HEIGHTS AVE
1005,3311012,1,CENTRAL PARK HEIGHTS                     ,J,4224 PARK HEIGHTS AVE
1006,3311023,1,CENTRAL PARK HEIGHTS                     ,J,2701 CLASSEN AVE
1007,3311025,1,CENTRAL PARK HEIGHTS                     ,J,2709 CLASSEN AVE
1008,3321006,1,CENTRAL PARK HEIGHTS                     ,I,3910 PARK HEIGHTS AVE
1009,3321015,1,CENTRAL PARK HEIGHTS                     ,I,3928 PARK HEIGHTS AVE
1010,3321016,1,CENTRAL PARK HEIGHTS                     ,I,3930 PARK HEIGHTS AVE
1011,3322034,1,PARK CIRCLE                              ,I,3823 REISTERSTOWN ROAD
1012,3322035,1,PARK CIRCLE                              ,I,3821 REISTERSTOWN ROAD
1013,3322048,1,PARK CIRCLE                              ,I,2702 SPRINGHILL AVE
1014,3325013,1,PARK CIRCLE                              ,I,3524 PARK HEIGHTS AVE
1015,3325014,1,PARK CIRCLE                              ,I,3526 PARK HEIGHTS AVE
1016,3325017,1,PARK CIRCLE                              ,I,3532 PARK HEIGHTS AVE
1017,3325018,1,PARK CIRCLE                              ,I,3534 PARK HEIGHTS AVE
1018,3325046,1,PARK CIRCLE                              ,I," SWS 20 FT ALLEY 1ST, SW OF PARK HEIGHTS AV, 120 FT S OF ULMAN AV "
1019,3325047,1,PARK CIRCLE                              ,I," SWS 20 FT ALLEY 1ST, SW OF PARK HEIGHTS AV, 140 FT S OF ULMAN AV "
1020,3326032,1,PARK CIRCLE                              ,I,3466 PARK HEIGHTS AVE
1021,3327A057,1,PARK CIRCLE                              ,H," NES 30 FT UNNAMED ST, 1ST NE PARK HTS. AV, REAR 2623-27 VIOLET AV "
1022,3327B007,1,PARK CIRCLE                              ,G,3501-3503 PARK HEIGHTS AVE
1023,3327C025,1,PARK CIRCLE                              ,G,3421 PARK HEIGHTS AVE
1024,3335021,1,PARK CIRCLE                              ,H,3741 PARK HEIGHTS AVE
1025,3335022,1,PARK CIRCLE                              ,H,3743 PARK HEIGHTS AVE
1026,3335025,1,PARK CIRCLE                              ,H,2619 SPRINGHILL AVE
1027,3335026,1,PARK CIRCLE                              ,H,2617 SPRINGHILL AVE
1028,3342070,1,GREENSPRING                              ,H,3902 COTTAGE AVE
1029,3342071,1,GREENSPRING                              ,H,3904 COTTAGE AVE
1030,3342074,1,GREENSPRING                              ,H,3910 COTTAGE AVE
1031,3347030,1,GREENSPRING                              ,I,2523 OSWEGO AVE
1032,3347C008,1,GREENSPRING                              ,I,2644 OSWEGO AVE
1033,3347D016,1,GREENSPRING                              ,I,2630 LOYOLA SOUTHWAY
1034,3347D033,1,GREENSPRING                              ,I,2625 QUANTICO AVE
1035,3349A003,1,GREENSPRING                              ,I," SWS PALL MALL RD, 131-8 FT SE OF COLD SPRING LA"
1036,3350046,1,GREENSPRING                              ,I," NES 15 FT ALLEY 1ST, NE OF PALL MALL RD REAR, 4425 PALL MALL RD"
1037,3355020,1,GREENSPRING                              ,I,2539 QUANTICO AVE
1038,3402005,1,PENN NORTH                               ,H,2708 PENNSYLVANIA AVE
1039,3402040,1,PENN NORTH                               ,H,1616 CLIFTON AVE
1040,3402047,1,PENN NORTH                               ,H,1602 CLIFTON AVE
1041,3404001,1,PENN NORTH                               ,I,2500 WOODBROOK AVE
1042,3406047,1,PENN NORTH                               ,I,1609 RETREAT ST
1043,3406077,1,PENN NORTH                               ,I,1510 TRACTION ST
1044,3408054,1,PENN NORTH                               ,I,1508-1510 RETREAT ST
1045,3408085,1,PENN NORTH                               ,I,1528 KENSETT ST
1046,3408087,1,PENN NORTH                               ,I,1524 KENSETT ST
1047,3408099,1,PENN NORTH                               ,I,1503 KENSETT ST
1048,3408100,1,PENN NORTH                               ,I,1505 KENSETT ST
1049,3408101,1,PENN NORTH                               ,I,1507 KENSETT ST
1050,3408111,1,PENN NORTH                               ,I,2540 Salem St
1051,3408114,1,PENN NORTH                               ,I,2522 SALEM ST
1052,3408117,1,PENN NORTH                               ,I,2516 SALEM ST
1053,3408122,1,PENN NORTH                               ,I,2506 SALEM ST
1054,3408132,1,PENN NORTH                               ,I,2515 SALEM ST
1055,3408133,1,PENN NORTH                               ,I,2517 SALEM ST
1056,3408134,1,PENN NORTH                               ,I,2519 SALEM ST
1057,3408135,1,PENN NORTH                               ,I,2521 SALEM ST
1058,3408144,1,PENN NORTH                               ,I,2539 SALEM ST
1059,3410001,1,PENN NORTH                               ,I,1408 RETREAT ST
1060,3410002,1,PENN NORTH                               ,I,1410 RETREAT ST
1061,3410019,1,PENN NORTH                               ,I,2529 FRANCIS ST
1062,3411004,1,PENN NORTH                               ,I,2510 DRUID HILL AVE
1063,3413044,1,PENN NORTH                               ,I,2435 FRANCIS ST
1064,3413045,1,PENN NORTH                               ,I,2433 FRANCIS ST
1065,3413055,1,PENN NORTH                               ,I,2413 FRANCIS ST
1066,3413063,1,PENN NORTH                               ,I,1410 WHITELOCK ST
1067,3413064,1,PENN NORTH                               ,I,1408 WHITELOCK ST
1068,3413069,1,PENN NORTH                               ,I,1402 TRACTION ST
1069,3413070,1,PENN NORTH                               ,I,1404 TRACTION ST
1070,3413071,1,PENN NORTH                               ,I,1406 TRACTION ST
1071,3413072,1,PENN NORTH                               ,I,1408 TRACTION ST
1072,3413073,1,PENN NORTH                               ,I,1410 TRACTION ST
1073,3413074,1,PENN NORTH                               ,I,1412 TRACTION ST
1074,3413075,1,PENN NORTH                               ,I,1414 TRACTION ST
1075,3417074,1,PENN NORTH                               ,I,2513 DRUID HILL AVE
1076,3417075,1,PENN NORTH                               ,I,2509-2511 DRUID HILL AVE
1077,3422059A,1,RESERVOIR HILL                           ,E," NS CLENDENIN ST, NWC TIFFANY ALLEY "
1078,3457021,1,RESERVOIR HILL                           ,G,2421 LAKEVIEW AVE
1079,3461012,1,RESERVOIR HILL                           ,G,2400 LAKEVIEW AVE
1080,3461020,1,RESERVOIR HILL                           ,G,2416 LAKEVIEW AVE
1081,3461021,1,RESERVOIR HILL                           ,G,2418 LAKEVIEW AVE
1082,3825015,1,BARCLAY                                  ,G,2460 GREENMOUNT AVE
1083,3825051,1,BARCLAY                                  ,G,2463 BRENTWOOD AVE
1084,3826055,1,BARCLAY                                  ,G,2434 BRENTWOOD AVE
1085,3836B026,1,HARWOOD                                  ,G,2523 BARCLAY ST
1086,3913014,1,PEN LUCY                                 ,H,601 CATOR AVE
1087,3938025,1,COLDSTREAM HOMESTEAD MONTEBELLO          ,I,1913 E 28TH ST
1088,3938028,1,COLDSTREAM HOMESTEAD MONTEBELLO          ,I,1919 E 28TH ST
1089,4000036,1,EAST BALTIMORE MIDWAY                    ,G,511 E 20TH ST
1090,4001017,1,EAST BALTIMORE MIDWAY                    ,G,732 E NORTH AVE
1091,4001026,1,EAST BALTIMORE MIDWAY                    ,G,733-735 E 20TH ST
1092,4001042,1,EAST BALTIMORE MIDWAY                    ,G,703 E 20TH ST
1093,4005001,1,EAST BALTIMORE MIDWAY                    ,J,1100 E NORTH AVE
1094,4005048,1,EAST BALTIMORE MIDWAY                    ,J,1119 E 20TH ST
1095,4006012,1,EAST BALTIMORE MIDWAY                    ,J,1915 AISQUITH ST
1096,4006019,1,EAST BALTIMORE MIDWAY                    ,J,1901 AISQUITH ST
1097,4007017,1,EAST BALTIMORE MIDWAY                    ,J,1906 SHERWOOD AVE
1098,4011B006,1,EAST BALTIMORE MIDWAY                    ,J,1110 E 20TH ST
1099,4017015,1,EAST BALTIMORE MIDWAY                    ,G,728 E 20TH ST
1100,4019033,1,EAST BALTIMORE MIDWAY                    ,G,507 E 22ND ST
1101,4029023,1,EAST BALTIMORE MIDWAY                    ,J,1305 CLIFTVIEW AVE
1102,4041034,1,EAST BALTIMORE MIDWAY                    ,I,619 BARTLETT AVE
1103,4041A045,1,EAST BALTIMORE MIDWAY                    ,J,643 GUTMAN AVE
1104,4074B004D,1,BETTER WAVERLY                           ,H,718 E 30TH ST
1105,4137019,1,COLDSTREAM HOMESTEAD MONTEBELLO          ,I,1536 ABBOTSTON ST
1106,4163003,1,DARLEY PARK                              ,J,2133 HARFORD ROAD
1107,4163010,1,DARLEY PARK                              ,J,2147 HARFORD ROAD
1108,4168012,1,SOUTH CLIFTON PARK                       ,J,2015 N WASHINGTON ST
1109,4169063,1,SOUTH CLIFTON PARK                       ,J,2126 E NORTH AVE
1110,4169066,1,SOUTH CLIFTON PARK                       ,J,2132 E NORTH AVE
1111,4169075,1,SOUTH CLIFTON PARK                       ,J,1908 N COLLINGTON AVE
1112,4171001,1,SOUTH CLIFTON PARK                       ,J,2200 E NORTH AVE
1113,4171002,1,SOUTH CLIFTON PARK                       ,J,2202 E NORTH AVE
1114,4171003,1,SOUTH CLIFTON PARK                       ,J,2204 E NORTH AVE
1115,4171005,1,SOUTH CLIFTON PARK                       ,J,2208 E NORTH AVE
1116,4171012,1,SOUTH CLIFTON PARK                       ,J,2222 E NORTH AVE
1117,4171017,1,SOUTH CLIFTON PARK                       ,J,2232 E NORTH AVE
1118,4175046,1,SOUTH CLIFTON PARK                       ,J,2322 E NORTH AVE
1119,4175047,1,SOUTH CLIFTON PARK                       ,J,2324 E North Ave
1120,4175048,1,SOUTH CLIFTON PARK                       ,J,2326 E NORTH AVE
1121,4175050,1,SOUTH CLIFTON PARK                       ,J,2330 E NORTH AVE
1122,4175051,1,SOUTH CLIFTON PARK                       ,J,2332 E NORTH AVE
1123,4177009,1,BEREA                                    ,I,1902 N ROSE ST
1124,4177014,1,BEREA                                    ,I,1912 N ROSE ST
1125,4429B005A,1,ARLINGTON                                ,F," SWS NARCISSUS AV 175 FT, NW OF ROGERS AV"
1126,4510002,1,WOODMERE                                 ,F,4116 HAYWARD AVE
1127,4526024,1,ARLINGTON                                ,I,3502 HAYWARD AVE
1128,4526034,1,ARLINGTON                                ,I,5316 DENMORE AVE
1129,4526A007,1,ARLINGTON                                ,I,5414 DENMORE AVE
1130,4532015,1,PIMLICO GOOD NEIGHBORS                   ,H,3401 INGLESIDE AVE
1131,4544007,1,ARLINGTON                                ,I,5259 SAINT CHARLES AVE
1132,4544C020,1,ARLINGTON                                ,I,3601 HAYWARD AVE
1133,4544D030,1,ARLINGTON                                ,I,3710 W BELVEDERE AVE
1134,4550005,1,ARLINGTON                                ,I,3508 W BELVEDERE AVE
1135,4550006,1,ARLINGTON                                ,I,3510 W BELVEDERE AVE
1136,4550044,1,ARLINGTON                                ,I,5206 WILTON HEIGHTS AVE
1137,4551001A,1,ARLINGTON                                ,I,5211 WILTON HEIGHTS AVE
1138,4551002,1,ARLINGTON                                ,I,5213 WILTON HEIGHTS AVE
1139,4552053,1,ARLINGTON                                ,I,3428 W BELVEDERE AVE
1140,4552074,1,ARLINGTON                                ,I,5226 DENMORE AVE
1141,4552093,1,ARLINGTON                                ,I,3427 PATON AVE
1142,4552099,1,ARLINGTON                                ,I,3415 PATON AVE
1143,4573003E,1,LANGSTON HUGHES                          ,I,3910 W GARRISON AVE
1144,4574011,1,LANGSTON HUGHES                          ,I,5000 CORDELIA AVE
1145,4575013,1,LANGSTON HUGHES                          ,I,3715 W BELVEDERE AVE
1146,4575014,1,LANGSTON HUGHES                          ,I,3713 W BELVEDERE AVE
1147,4576022,1,LANGSTON HUGHES                          ,I,5008 LITCHFIELD AVE
1148,4576023,1,LANGSTON HUGHES                          ,I,5010 LITCHFIELD AVE
1149,4576026,1,LANGSTON HUGHES                          ,I,3705 SPAULDING AVE
1150,4577040,1,CENTRAL PARK HEIGHTS                     ,J,4900 BEAUFORT AVE
1151,4577A001,1,CENTRAL PARK HEIGHTS                     ,I,3626 W GARRISON AVE
1152,4577A006,1,CENTRAL PARK HEIGHTS                     ,I,3616 W GARRISON AVE
1153,4577A033,1,CENTRAL PARK HEIGHTS                     ,I,5011 LITCHFIELD AVE
1154,4577A038,1,CENTRAL PARK HEIGHTS                     ,I,5001 LITCHFIELD AVE
1155,4577B037A,1,CENTRAL PARK HEIGHTS                     ,I,5106-5110 BEAUFORT AVE
1156,4579033,1,CENTRAL PARK HEIGHTS                     ,I,3506 W GARRISON AVE
1157,4579034,1,CENTRAL PARK HEIGHTS                     ,I,3504 W GARRISON AVE
1158,4579036,1,CENTRAL PARK HEIGHTS                     ,I,3500 W GARRISON AVE
1159,4579037,1,CENTRAL PARK HEIGHTS                     ,I," SWS 10 FT ALLEY 1ST, SW OF ELMER CT, 5000-10 ELMER AV REAR"
1160,4580020,1,CENTRAL PARK HEIGHTS                     ,I,3353 W BELVEDERE AVE
1161,4580023,1,CENTRAL PARK HEIGHTS                     ,I,5105 ELMER AVE
1162,4580026,1,CENTRAL PARK HEIGHTS                     ,I,3326 SPAULDING AVE
1163,4580029,1,CENTRAL PARK HEIGHTS                     ,I,3320 SPAULDING AVE
1164,4580030,1,CENTRAL PARK HEIGHTS                     ,I,3318 SPAULDING AVE
1165,4581007,1,CENTRAL PARK HEIGHTS                     ,I,5012 DENMORE AVE
1166,4581021,1,CENTRAL PARK HEIGHTS                     ,I,3323 SPAULDING AVE
1167,4585023,1,CENTRAL PARK HEIGHTS                     ,I,5012 PALMER AVE
1168,4587027,1,CENTRAL PARK HEIGHTS                     ,I,3069 SPAULDING AVE
1169,4592027,1,CENTRAL PARK HEIGHTS                     ,I,5000 PIMLICO ROAD
1170,4601001,1,CENTRAL PARK HEIGHTS                     ,I,4906 ELMER AVE
1171,4601002,1,CENTRAL PARK HEIGHTS                     ,I,4904 ELMER AVE
1172,4601003,1,CENTRAL PARK HEIGHTS                     ,I,4902 ELMER AVE
1173,4602035,1,CENTRAL PARK HEIGHTS                     ,J," NWS MANCHESTER AVE, NWC BEAUFORT AVE"
1174,4602051,1,CENTRAL PARK HEIGHTS                     ,J,3700 MANCHESTER AVE
1175,4602052,1,CENTRAL PARK HEIGHTS                     ,J,3702 MANCHESTER AVE
1176,4604035,1,CENTRAL PARK HEIGHTS                     ,I," NEC BEAUFORT AVE, NEC MANCHESTER AVE"
1177,4605A001,1,CENTRAL PARK HEIGHTS                     ,I,4981 EDGEMERE AVE
1178,4607064,1,CENTRAL PARK HEIGHTS                     ,J,3601 LUCILLE AVE
1179,4608009,1,CENTRAL PARK HEIGHTS                     ,J,3516 Lucille Ave
1180,4608011,1,CENTRAL PARK HEIGHTS                     ,J,3520 LUCILLE AVE
1181,4608012,1,CENTRAL PARK HEIGHTS                     ,J,3522 LUCILLE AVE
1182,4608014,1,CENTRAL PARK HEIGHTS                     ,J,3526 LUCILLE AVE
1183,4608018,1,CENTRAL PARK HEIGHTS                     ,J,3600 LUCILLE AVE
1184,4608019,1,CENTRAL PARK HEIGHTS                     ,J,3602 LUCILLE AVE
1185,4608033,1,CENTRAL PARK HEIGHTS                     ,J,3630 LUCILLE AVE
1186,4609033,1,CENTRAL PARK HEIGHTS                     ,J,4805 REISTERSTOWN ROAD
1187,4609093,1,CENTRAL PARK HEIGHTS                     ,J," SES 10 FT AL 1ST SE OF, MANCHESTER AV REAR, 3701-41 MANCHESTER AV"
1188,4612017,1,CENTRAL PARK HEIGHTS                     ,I,3101 W GARRISON AVE
1189,4612018,1,CENTRAL PARK HEIGHTS                     ,I,4932 PALMER AVE
1190,4613001B,1,CENTRAL PARK HEIGHTS                     ,I,3004 OAKLEY AVE
1191,4613002,1,CENTRAL PARK HEIGHTS                     ,I,3010 OAKLEY AVE
1192,4616019,1,CENTRAL PARK HEIGHTS                     ,I,3102 WOODLAND AVE
1193,4616020,1,CENTRAL PARK HEIGHTS                     ,I,3104 WOODLAND AVE
1194,4616021,1,CENTRAL PARK HEIGHTS                     ,I,3106 WOODLAND AVE
1195,4616022,1,CENTRAL PARK HEIGHTS                     ,I,3108 WOODLAND AVE
1196,4616098K,1,CENTRAL PARK HEIGHTS                     ,I,4834 PIMLICO ROAD
1197,4620037,1,CENTRAL PARK HEIGHTS                     ,I,3422 VIRGINIA AVE
1198,4626004A,1,CENTRAL PARK HEIGHTS                     ,I," NS WYLIE AV 175 FT, W OF PIMLICO RD"
1199,4626007,1,CENTRAL PARK HEIGHTS                     ,I,4503 Park Heights Ave
1200,4626A068,1,CENTRAL PARK HEIGHTS                     ,I,4666 PIMLICO ROAD
1201,4812017,1,PARKLANE                                 ,H,4507 PIMLICO ROAD
1202,4812018,1,PARKLANE                                 ,H,4509 PIMLICO ROAD
1203,4812070A,1,PARKLANE                                 ,H," NS 15 FT ALLEY, 1ST N WYLIE AV   101 FT, W OF PALL MALL RD "
1204,5137M022,1,LAKE WALKER                              ,E," NES WOODSON RD 78-10 FT, NW OF NORTHWOOD DR"
1205,5165134,1,WINSTON-GOVANS                           ,E," SS 10 FT ALLEY 1ST N OF, BEAUMONT AV 23-8 FT W OF READY AV "
1206,5173A013,1,WINSTON-GOVANS                           ,E,707 Beaumont Ave
1207,5197046,1,WILSON PARK                              ,H,618 E 43RD ST
1208,5198068,1,KENILWORTH PARK                          ,H," WS THE ALAMEDA, NWC RADNOR AVE"
1209,5200005,1,WILSON PARK                              ,F,4409 WRENWOOD AVE
1210,5200011,1,WILSON PARK                              ,F,4423 WRENWOOD AVE
1211,5200087,1,WILSON PARK                              ,F,700 E 43RD ST
1212,5200091,1,WILSON PARK                              ,F,708 E 43RD ST
1213,5216005,1,WRENLANE                                 ,H,4711 ALHAMBRA AVE
1214,5988050,1,FRANKFORD                                ,D," NS 10 FT ALLEY 1ST S OF, ANTHONY AV 5103 ANTHONY AV REAR "
1215,7027B003A,1,BROOKLYN                                 ,F," REAR NWS S HANOVER ST, REAR 3638 S HANOVER ST "
1216,7027C022,1,BROOKLYN                                 ,F," SS WASHBURN AVE, SEC LEADENHALL ST "
1217,7105052,1,BROOKLYN                                 ,I," NS JEFFREY ST REAR, 800-20 JEFFREY ST "
1218,7447009,1,WESTPORT                                 ,H,2322 ANNAPOLIS ROAD
1219,7471004,1,MOUNT WINANS                             ,G,2460 HOLLINS FERRY ROAD
1220,7471013,1,MOUNT WINANS                             ,G," NWS HOLLINS FERRY RD, 109 FT NE OF HARMAN AV "
1221,7473045A,1,MOUNT WINANS                             ,G," NES RIDGELY ST 172-3 FT, NE OF HARMAN AV "
1222,7473052,1,MOUNT WINANS                             ,G,2407 S PACA ST
1223,7473053,1,MOUNT WINANS                             ,G,2409 S PACA ST
1224,7477069,1,MOUNT WINANS                             ,G,2653 RIDGELY ST
1225,7511A002A,1,LAKELAND                                 ,H, NES GABLE AV SEC B & O RR R/W 
1226,7615022,1,CHERRY HILL                              ,G,464 ROUNDVIEW ROAD
1227,7615024,1,CHERRY HILL                              ,G,468 ROUNDVIEW ROAD
1228,7651016,1,CHERRY HILL                              ,Mixed Market/Subsd Rental,1013 VERONICA AVE
