BlockLot,StreetName,HouseNum,Dir,StreetType,Zip,Neighborhood,Lawyer,Project Name,Receiver Appointed,Auction Date,x,y
3836A010,GREENMOUNT,2622,,AVE,21218,HARWOOD,SETH GREER,Harwood,"January 22, 2019",,,
2484031,DENISON,620,,ST,21229,EDMONDSON VILLAGE,BLAIR GRIFFITH,,"April 10, 2019",,,
1534011,BIDDLE,2120,E,ST,21213,BROADWAY EAST,EVAN HELFRICH,2100-2200 Biddle,"November 12, 2019",,,
1676096,STREEPER,401,N,ST,21224,MCELDERRY PARK,EVAN HELFRICH,Helfrich Special,"December 17, 2019",,,
3230008,PARKWOOD,2815,,AVE,21217,PARKVIEW/WOODBROOK,BLAIR GRIFFITH,Timothy 6 18,"January 15, 2019",,,
2849B007,DUVALL,4022,,AVE,21216,WINDSOR HILLS,JANE LEWIS,,"February 26, 2019",,,
3349007,LOYOLA NORTHWAY,2610,,,21215,GREENSPRING,SOPHIE ASIKE,Loyola Northway,"January 15, 2019",,,
4543A036,SAINT CHARLES,5212,,AVE,21215,WOODMERE,BLAIR GRIFFITH,,"January 29, 2019",,,
2739003,FOREST PARK,4104,W,AVE,21207,CENTRAL FOREST PARK,BLAIR GRIFFITH,,"December 17, 2019",,,
3059B004,PIEDMONT,3213,,AVE,21216,HANLON-LONGWOOD,BLAIR GRIFFITH,,"March 26, 2019",,,
3463E018,LINDEN,2517,,AVE,21217,RESERVOIR HILL,SOPHIE ASIKE,Reservoir Hill,"February 26, 2019",,,
0168034,CAREY,232,N,ST,21223,FRANKLIN SQUARE,JANE LEWIS,Franklin Square Elementary,"October 20, 2020",,,
2284008,EDMONDSON,3515,,AVE,21229,ALLENDALE,JANE LEWIS,,"January 15, 2019",,,
0846035,AMITY,409,S,ST,21223,WASHINGTON VILLAGE,LENEHN RICKS,Scott St,"January 15, 2019",,,
0150005,GILMOR,308,N,ST,21223,FRANKLIN SQUARE,LENEHN RICKS,Franklin Square Elementary,"July 23, 2019",,,
2528K028,AUGUSTA,1202,N,AVE,21229,EDMONDSON VILLAGE,JANE LEWIS,,"May 28, 2019",,,
3059B026,ELLAMONT,2500,N,ST,21216,HANLON-LONGWOOD,BLAIR GRIFFITH,,"April 30, 2019",,,
3022004,WINDSOR,3027,,AVE,21216,WALBROOK,BLAIR GRIFFITH,,"August 20, 2019",,,
0562020,HOWARD,400,N,ST,21201,DOWNTOWN,AMY HELBIG,,"July 30, 2019",,,
0704021,MONROE,510,S,ST,21223,CARROLLTON RIDGE,SHEA BEITLER-AKMAN,Eagle and Mason,"October 20, 2020",,,
2283003,EDMONDSON,3407,,AVE,21229,ALLENDALE,JANE LEWIS,,"February 5, 2019",,,
0217010,BALTIMORE,1119,W,ST,21223,HOLLINS MARKET,SHEA BEITLER-AKMAN,,"January 28, 2020",,,
2707006A,GARRISON,4400,,BLVD,21215,WEST ARLINGTON,BLAIR GRIFFITH,,"March 3, 2020",,,
8245013,GWYNN OAK,3700,,AVE,21207,HOWARD PARK,BLAIR GRIFFITH,,"January 8, 2019",,,
2506A013,MOUNT HOLLY,715,,ST,21229,EDMONDSON VILLAGE,JANE LEWIS,,"November 19, 2019",,,
0200017,FAYETTE,1033,W,ST,21223,POPPLETON,JANE LEWIS,1000 West Fayette,"April 30, 2019",,,
0711010,EAGLE,1800,,ST,21223,CARROLLTON RIDGE,SHEA BEITLER-AKMAN,Eagle and Mason,"January 15, 2019",,,
0711012,EAGLE,1804,,ST,21223,CARROLLTON RIDGE,SHEA BEITLER-AKMAN,Eagle and Mason,"January 15, 2019",,,
0711013,EAGLE,1806,,ST,21223,CARROLLTON RIDGE,SHEA BEITLER-AKMAN,Eagle and Mason,"January 15, 2019",,,
4511A037,CORDELIA,5311,,AVE,21215,ARLINGTON,BLAIR GRIFFITH,,"March 3, 2020",,,
0711011,EAGLE,1802,,ST,21223,CARROLLTON RIDGE,SHEA BEITLER-AKMAN,Eagle and Mason,"January 15, 2019",,,
5158069,SHERIDAN,538,,AVE,21212,WOODBOURNE-MCCABE,KENT GRASSO,,"October 29, 2019",,,
4057A068,36TH,753,E,ST,21218,WAVERLY,KENT GRASSO,,"December 22, 2019",,,
4804A011,VIRGINIA,3020,,AVE,21215,CYLBURN,BLAIR GRIFFITH,,"August 13, 2019",,,
2393065,WINCHESTER,2701,,ST,21216,WINCHESTER,BLAIR GRIFFITH,,"March 19, 2019",,,
0177003,LEXINGTON,1913,W,ST,21223,PENROSE/FAYETTE STREET OUTREAC,BLAIR GRIFFITH,1900 W Lexington,"November 5, 2019",,,
2960019,RIDGEWOOD,3915,,AVE,21215,DOLFIELD,BLAIR GRIFFITH,,"December 1, 2020",,,
0150006,GILMOR,310,N,ST,21223,FRANKLIN SQUARE,SHEA BEITLER-AKMAN,Franklin Square Elementary,"July 23, 2019",,,
0150006,GILMOR,310,N,ST,21223,FRANKLIN SQUARE,SHEA BEITLER-AKMAN,Franklin Square Elementary,"July 23, 2019",,,
4070A087,BOONE,2648,,ST,21218,BETTER WAVERLY,KENT GRASSO,Matthews and 27th,"January 15, 2019",,,
4071034,MATHEWS,2708,,ST,21218,BETTER WAVERLY,KENT GRASSO,Matthews and 27th,"April 10, 2019",,,
3327A024,PARK HEIGHTS,3651,,AVE,21215,PARK CIRCLE,BLAIR GRIFFITH,Park Heights Ave Phase 9,"March 19, 2019",,,
3325003,PARK HEIGHTS,3504,,AVE,21215,PARK CIRCLE,BLAIR GRIFFITH,Park Heights Ave Phase 9,"May 18, 2021",,,
0279016,GILMOR,311,S,ST,21223,NEW SOUTHWEST/MOUNT CLARE,SHEA BEITLER-AKMAN,Ramsay-Gilmor,"January 15, 2019",,,
0279035,RAMSAY,1520,,ST,21223,NEW SOUTHWEST/MOUNT CLARE,SHEA BEITLER-AKMAN,Ramsay-Gilmor,"January 15, 2019",,,
5898C017,PARKSIDE,3703,,DR,21206,BELAIR-PARKSIDE,AMY HELBIG,,"July 16, 2019",,,
4600029,CORDELIA,4909,,AVE,21215,LANGSTON HUGHES,BLAIR GRIFFITH,,"August 20, 2019",,,
1148012,CENTRAL,1323,N,AV,21202,OLIVER,EVAN HELFRICH,CENTRAL AVE,"January 22, 2019",,,
1137041,CAROLINE,1413,N,ST,21213,OLIVER,EVAN HELFRICH,Upper Caroline St.,"July 30, 2019",,,
3061B015,HILTON,2607,N,ST,21216,HANLON-LONGWOOD,BLAIR GRIFFITH,,"January 7, 2020",,,
1640058,MCELDERRY,2402,,ST,21205,MCELDERRY PARK,EVAN HELFRICH,,"January 8, 2019",,,
5953G013,FRANKFORD,4813,,AVE,21206,FRANKFORD,SOPHIE ASIKE,,"March 5, 2019",,,
0244024,FULTON,123,S,AVE,21223,UNION SQUARE,SHEA BEITLER-AKMAN,Union to Gilmor Phase 9,"November 12, 2019",,,
0227049,FULTON,48,S,AVE,21223,CARROLLTON RIDGE,SHEA BEITLER-AKMAN,Union to Gilmor Phase 9,"July 16, 2019",,,
0227048,FULTON,50,S,AVE,21223,CARROLLTON RIDGE,SHEA BEITLER-AKMAN,Union to Gilmor Phase 9,"July 16, 2019",,,
1624004,MONUMENT,2406,E,ST,21205,,EVAN HELFRICH,,"October 8, 2019",,,
2717004,BOARMAN,4006,,AVE,21215,DORCHESTER,BLAIR GRIFFITH,,"January 29, 2019",,,
4589036,PEMBRIDGE,5134,,AVE,21215,CENTRAL PARK HEIGHTS,BLAIR GRIFFITH,,"January 29, 2019",,,
0262045,MCHENRY,1608,,ST,21223,NEW SOUTHWEST/MOUNT CLARE,SHEA BEITLER-AKMAN,Ramsay-Gilmor,"April 9, 2019",,,
0277062,MCHENRY,1609,,ST,21223,NEW SOUTHWEST/MOUNT CLARE,SHEA BEITLER-AKMAN,Ramsay-Gilmor,"January 15, 2019",,,
4071059,BOONE,2702,,ST,21218,BETTER WAVERLY,KENT GRASSO,Matthews and 27th,"January 8, 2019",,,
0197030,BALTIMORE,1416,W,ST,21223,FRANKLIN SQUARE,SHEA BEITLER-AKMAN,,"August 27, 2019",,,
0197026,BALTIMORE,1430,W,ST,21223,FRANKLIN SQUARE,SHEA BEITLER-AKMAN,,"February 5, 2019",,,
4071035,MATHEWS,2706,,ST,21218,BETTER WAVERLY,KENT GRASSO,Matthews and 27th,"April 16, 2019",,,
0277054,MCHENRY,1625,,ST,21223,NEW SOUTHWEST/MOUNT CLARE,SHEA BEITLER-AKMAN,Ramsay-Gilmor,"January 15, 2019",,,
0235031,ARLINGTON,49,S,AVE,21223,HOLLINS MARKET,SHEA BEITLER-AKMAN,,"April 30, 2019",,,
0149066,FULTON,323,N,AVE,21223,FRANKLIN SQUARE,SHEA BEITLER-AKMAN,,"January 14, 2020",,,
8219006,BELVIEU,4410,,AVE,21215,WEST ARLINGTON,BLAIR GRIFFITH,,"January 22, 2019",,,
8358001,SPRINGDALE,4101,,AVE,21207,CENTRAL FOREST PARK,BLAIR GRIFFITH,,"August 20, 2019",,,
0197028,BALTIMORE,1424,W,ST,21223,FRANKLIN SQUARE,SHEA BEITLER-AKMAN,,"August 27, 2019",,,
0197027,BALTIMORE,1428,W,ST,21223,FRANKLIN SQUARE,SHEA BEITLER-AKMAN,,"August 27, 2019",,,
0197029,BALTIMORE,1420,W,ST,21223,FRANKLIN SQUARE,SHEA BEITLER-AKMAN,,"August 27, 2019",,,
2350066,CALVERTON HEIGHTS,2328,,AVE,21216,BRIDGEVIEW/GREENLAWN,SHEA BEITLER-AKMAN,,"January 29, 2019",,,
0719B011,MONROE,620,S,ST,21217,CARROLLTON RIDGE,SHEA BEITLER-AKMAN,Eagle and Mason Phase 9,"February 12, 2019",,,
0107067,EDMONDSON,1916,,AVE,21223,MIDTOWN-EDMONDSON,SHEA BEITLER-AKMAN,,"January 22, 2019",,,
7470S062,EASTSHIRE,2821,,DR,21230,LAKELAND,SHEA BEITLER-AKMAN,,"September 17, 2019",,,
1653034,MCELDERRY,2251,,ST,21205,MIDDLE EAST,EVAN HELFRICH,Helfrich Special,"December 10, 2019",,,
8472010,FAIRFAX,4509,,ROAD,21216,WINDSOR HILLS,BLAIR GRIFFITH,,"March 3, 2020",,,
2901016,SPRINGDALE,3716,,AVE,21216,FOREST PARK,BLAIR GRIFFITH,,"December 3, 2019",,,
2948011,BELLE,3812,,AVE,21215,CALLAWAY-GARRISON,BLAIR GRIFFITH,,"March 25, 2019",,,
2949029,COLD SPRING,3801,W,LANE,21215,CALLAWAY-GARRISON,BLAIR GRIFFITH,,"January 14, 2020",,,
4616090,OAKLEY,2915,,AVE,21215,CENTRAL PARK HEIGHTS,BLAIR GRIFFITH,2900- 3000 Oakley Ave,"May 14, 2019",,,
1686021,CHESTER,216,N,ST,21231,MIDDLE EAST,EVAN HELFRICH,Duncan Street,"January 28, 2020",,,
0388018,NORTH,27,W,AVE,21201,CHARLES NORTH,EILEEN MURPHY,,"November 3, 2020",,,
3405024,NORTH,1618,W,AVE,21217,PENN NORTH,SHEA BEITLER-AKMAN,,"July 24, 2019",,,
0851070,WYETH,503,,ST,21230,WASHINGTON VILLAGE,SHEA BEITLER-AKMAN,Pigtown Phase 9,"June 4, 2019",,,
0922037,HAMBURG,751,W,ST,21230,WASHINGTON VILLAGE,SHEA BEITLER-AKMAN,Scott St,"January 22, 2019",,,
2377A079,RAYNER,2751,,AVE,21216,MOSHER,SHEA BEITLER-AKMAN,,"August 13, 2019",,,
2424B036,ROSEDALE,1635,N,ST,,ROSEMONT,SHEA BEITLER-AKMAN,,"February 26, 2019",,,
4616074,OAKLEY,3015,,AVE,21215,CENTRAL PARK HEIGHTS,BLAIR GRIFFITH,2900- 3000 Oakley Ave,"May 28, 2019",,,
5121001,YORK,6213,,ROAD,21212,LAKE WALKER,KENT GRASSO,,"June 4, 2019",,,
2140002,FREDERICK,2613,,AVE,21223,MILLHILL,SHEA BEITLER-AKMAN,,"May 11, 2021",,,
0110048,EDMONDSON,1616,,AVE,21223,HARLEM PARK,PAUL OMALLEY,1600 Edmondson,"March 12, 2019",,,
1610023,LUZERNE,845,N,AV,21205,MADISON-EASTEND,EVAN HELFRICH,,"November 24, 2020",,,
3327F080,COTTAGE,3619,,AVE,21215,PARK CIRCLE,BLAIR GRIFFITH,,"January 15, 2019",,,
4614004,OAKLEY,2922,,AVE,21215,CENTRAL PARK HEIGHTS,BLAIR GRIFFITH,2900- 3000 Oakley Ave,"June 25, 2019",,,
4123032,HARFORD,2622,,ROAD,21218,COLDSTREAM HOMESTEAD MONTEBELL,DORIS WEIL,,"June 18, 2019",,,
4613010,GARRISON,3033,W,AVE,21215,CENTRAL PARK HEIGHTS,BLAIR GRIFFITH,Garrison,"June 11, 2019",,,
4526A008,DENMORE,5412,,AVE,21215,ARLINGTON,BLAIR GRIFFITH,,"February 5, 2019",,,
4613011,GARRISON,3031,W,AV,21215,CENTRAL PARK HEIGHTS,BLAIR GRIFFITH,Garrison,"April 23, 2019",,,
3975001,CATOR,800,,AVE,21218,PEN LUCY,KENT GRASSO,,"December 17, 2019",,,
2736005,MAINE,4001,,AVE,21207,CENTRAL FOREST PARK,BLAIR GRIFFITH,,"January 29, 2019",,,
5349001,COLD SPRING,2300,E,LANE,21214,LAURAVILLE,DORIS WEIL,,"June 25, 2019",,,
6042N003,FRANKFORD,4810,,AVE,21206,FRANKFORD,DORIS WEIL,,"May 14, 2019",,,
4178E061,ELMLEY,3208,,AVE,21213,BELAIR-EDISON,DORIS WEIL,,"April 30, 2019",,,
1691098,ROSE,225,N,ST,21224,MCELDERRY PARK,EVAN HELFRICH,North Rose Street,"March 12, 2019",,,
4070A021,GREENMOUNT,2637,,AVE,21218,BETTER WAVERLY,KENT GRASSO,Harwood,"March 5, 2019",,,
5214022,OLD YORK,4727,,ROAD,21212,WILSON PARK,KENT GRASSO,,"January 23, 2019",,,
4062010,GREENMOUNT,2541,,AVE,21218,BETTER WAVERLY,KENT GRASSO,,"June 18, 2019",,,
2847019,CHELSEA,2901,,TERR,21216,GARWYN OAKS,BLAIR GRIFFITH,,"January 29, 2019",,,
1538015,MILTON,1217,N,AV,21213,BEREA,EVAN HELFRICH,,"October 27, 2020",,,
3065014,ALTO,3400,,ROAD,21216,HANLON-LONGWOOD,BLAIR GRIFFITH,,"May 7, 2019",,,
1569004,CHASE,2107,E,ST,21213,MIDDLE EAST,EVAN HELFRICH,Biddle-Chase P7,"July 9, 2019",,,
1569003,CHASE,2105,E,ST,21213,MIDDLE EAST,EVAN HELFRICH,Biddle-Chase P7,"January 22, 2019",,,
3418A034,MCCULLOH,2509,,ST,21217,RESERVOIR HILL,EILEEN MURPHY,Reservoir Hill,"February 26, 2019",,,
5853002,RIDGECROFT,4027,,ROAD,21206,WALTHERSON,DORIS WEIL,,"February 12, 2019",,,
4053036,33RD,726,E,ST,21218,WAVERLY,KENT GRASSO,,"April 23, 2019",,,
3836A026,LORRAINE,400,E,AVE,21218,HARWOOD,KENT GRASSO,Harwood,"June 18, 2019",,,
3639023,27TH,319,W,ST,,REMINGTON,KENT GRASSO,,"January 15, 2019",,,
1138055,BROADWAY,1406,N,,21230,OLIVER,EVAN HELFRICH,Oliver Expansion,"December 17, 2019",,,
1138052,BROADWAY,1412,N,,21213,OLIVER,EVAN HELFRICH,Oliver Expansion,"March 12, 2019",,,
1606064,MADISON,2212,E,ST,21205,MIDDLE EAST,EVAN HELFRICH,,"April 2, 2019",,,
1127041,BROADWAY,1536,N,,21213,OLIVER,EVAN HELFRICH,1500-1600 Broaway,"March 12, 2020",,,
3061B001,PIEDMONT,3200,,AVE,21216,HANLON-LONGWOOD,BLAIR GRIFFITH,,"January 15, 2019",,,
2838014,ELSINORE,2712,,AVE,21216,GARWYN OAKS,BLAIR GRIFFITH,,"May 4, 2021",,,
3238009,WOODBROOK,3502,,AVE,21217,PARKVIEW/WOODBROOK,SHEA BEITLER-AKMAN,,"April 9, 2019",,,
3238008,WOODBROOK,3500,,AVE,21217,PARKVIEW/WOODBROOK,SHEA BEITLER-AKMAN,,"April 9, 2019",,,
3238010,WOODBROOK,3504,,AVE,21217,PARKVIEW/WOODBROOK,SHEA BEITLER-AKMAN,,"April 9, 2019",,,
3237001,WOODBROOK,3501,,AVE,21217,PARKVIEW/WOODBROOK,SHEA BEITLER-AKMAN,,"April 30, 2019",,,
2110008,ASHTON,2543,,ST,21223,MILLHILL,SHEA BEITLER-AKMAN,,"February 5, 2019",,,
2475H027,FRANKLINTOWN,1002,N,ROAD,21216,FRANKLINTOWN ROAD,SHEA BEITLER-AKMAN,,"January 22, 2019",,,
2475H029,FRANKLINTOWN,1006,N,ROAD,21216,FRANKLINTOWN ROAD,SHEA BEITLER-AKMAN,,"April 9, 2019",,,
0116057,EDMONDSON,908,,AVE,21223,HARLEM PARK,SHEA BEITLER-AKMAN,,"January 22, 2019",,,
2145A035,MILLINGTON,301,,AVE,21223,MILLHILL,SHEA BEITLER-AKMAN,,"April 30, 2019",,,
7470J005,HOLLINS FERRY,2631,,ROAD,21230,LAKELAND,SHEA BEITLER-AKMAN,,"April 9, 2019",,,
4013A036,CECIL,2023,,AV,21218,EAST BALTIMORE MIDWAY,EVAN HELFRICH,,"December 17, 2019",,,
4022022,HOMEWOOD,2143,,AV,21218,EAST BALTIMORE MIDWAY,EVAN HELFRICH,,"January 15, 2019",,,
4022020,HOMEWOOD,2139,,AV,21218,EAST BALTIMORE MIDWAY,EVAN HELFRICH,,"January 15, 2019",,,
4013A001,20TH,1000,E,ST,21218,EAST BALTIMORE MIDWAY,EVAN HELFRICH,,"October 8, 2019",,,
4003036,OAK HILL,1915,,AV,21218,EAST BALTIMORE MIDWAY,EVAN HELFRICH,,"August 6, 2019",,,
4046008,GORSUCH,716,,AVE,21218,BETTER WAVERLY,KENT GRASSO,,"March 12, 2019",,,
3824031,23RD,446,E,ST,21218,BARCLAY,KENT GRASSO,,"January 14, 2020",,,
1590063,ASHLAND,2312,,AV,21205,MILTON-MONTFORD,EVAN HELFRICH,Eager Street Housing Project,"January 22, 2019",,,
3828049,GUILFORD,2416,,AVE,21218,BARCLAY,KENT GRASSO,Barclay Phase 8,"June 23, 2021",,,
4070A069,BOONE,2619,,ST,21218,BETTER WAVERLY,KENT GRASSO,Matthews and 27th,"October 1, 2019",,,
1710041,LAKEWOOD,154,N,AVE,21224,BALTIMORE-LINWOOD,ILYA ALTMAN,,"June 11, 2019",,,
1608022,MONTFORD,843,N,AV,21205,MILTON-MONTFORD,EVAN HELFRICH,,"October 8, 2019",,,
3335059,VIOLET,2610,,AVE,21215,PARK CIRCLE,BLAIR GRIFFITH,2600 Violet Ave,"February 26, 2019",,,
6558019,OLDHAM,636,,ST,21224,GREEKTOWN,ILYA ALTMAN,,"June 4, 2019",,,
0199001,CAREY,1,N,ST,21223,POPPLETON,SHEA BEITLER-AKMAN,,"May 25, 2021",,,
3972002,OLD YORK,3803,,ROAD,21218,WAVERLY,KENT GRASSO,,"June 25, 2019",,,
5053015,YORK,4628,,ROAD,21212,KERNEWOOD,KENT GRASSO,,"June 11, 2019",,,
6287056,MOUNT PLEASANT,3717,,AVE,21224,BALTIMORE HIGHLANDS,ILYA ALTMAN,,"January 22, 2019",,,
2730010,LIBERTY HEIGHTS,4018,,AVE,21207,DORCHESTER,BLAIR GRIFFITH,,"September 10, 2019",,,
3903A040,39TH,503,E,ST,21218,WAVERLY,KENT GRASSO,,"September 22, 2020",,,
2742A007,NORFOLK,3913,,AVE,21216,CONCERNED CITIZENS OF FOREST P,BLAIR GRIFFITH,,"August 6, 2019",,,
3350E032,WYLIE,3007,,AVE,21215,PARKLANE,BLAIR GRIFFITH,,"March 19, 2019",,,
4018018,BOONE,2000,,ST,21218,EAST BALTIMORE MIDWAY,EVAN HELFRICH,,"January 14, 2020",,,
1500002,COLLINGTON,1414,N,AV,21213,BROADWAY EAST,EVAN HELFRICH,,"February 25, 2020",,,
5165C045,CRAIG,5201,,AVE,21212,WOODBOURNE-MCCABE,KENT GRASSO,Mc Cabe,"January 28, 2020",,,
4198B010,WEAVER,3029,,AVE,21214,ARCADIA,DORIS WEIL,,"March 5, 2019",,,
4804A010,VIRGINIA,3018,,AVE,21215,CYLBURN,BLAIR GRIFFITH,,"September 17, 2019",,,
4552128,ELMER,5215,,AVE,21215,ARLINGTON,BLAIR GRIFFITH,,"April 6, 2021",,,
3834019C,BARCLAY,2522,,ST,21218,HARWOOD,KENT GRASSO,,"January 14, 2020",,,
5190010,SAINT GEORGES,4415,,AVE,21212,WILSON PARK,KENT GRASSO,,"February 26, 2019",,,
3875024,31ST,302,E,ST,21218,ABELL,KENT GRASSO,,"September 24, 2019",,,
2748002,OAKFIELD,3102,,AVE,21216,WEST FOREST PARK,BLAIR GRIFFITH,,"September 24, 2019",,,
4114F013,GARRETT,2535,,AVE,21218,COLDSTREAM HOMESTEAD MONTEBELL,DORIS WEIL,,"January 8, 2019",,,
4114F045,ROBB,2548,,ST,21218,COLDSTREAM HOMESTEAD MONTEBELL,DORIS WEIL,,"June 25, 2019",,,
4114I022,GARRETT,2552,,AVE,21218,COLDSTREAM HOMESTEAD MONTEBELL,DORIS WEIL,,"April 16, 2019",,,
4114I024,GARRETT,2556,,AVE,21218,COLDSTREAM HOMESTEAD MONTEBELL,DORIS WEIL,,"July 9, 2019",,,
7077025,PATAPSCO,600,E,AVE,21225,BROOKLYN,SHEA BEITLER-AKMAN,,"April 23, 2019",,,
0277002,GILMOR,302,S,ST,21223,NEW SOUTHWEST/MOUNT CLARE,SHEA BEITLER-AKMAN,Ramsay-Gilmor,"April 9, 2019",,,
0153046,SARATOGA,1304,W,ST,21223,FRANKLIN SQUARE,SHEA BEITLER-AKMAN,Franklin Square Elementary,"April 9, 2019",,,
7644068,BOOKERT,2881,,DR,21225,CHERRY HILL,SHEA BEITLER-AKMAN,,"April 9, 2019",,,
4114H044,CECIL,2612,,AVE,21218,COLDSTREAM HOMESTEAD MONTEBELL,DORIS WEIL,,"May 28, 2019",,,
4114G005,CECIL,2609,,AVE,21218,COLDSTREAM HOMESTEAD MONTEBELL,DORIS WEIL,,"April 16, 2019",,,
4114B001,ROBB,2601,,ST,21218,COLDSTREAM HOMESTEAD MONTEBELL,DORIS WEIL,,"March 12, 2019",,,
3814019,22ND,415,E,ST,21218,BARCLAY,KENT GRASSO,,"October 8, 2019",,,
4198B011,WEAVER,3031,,AVE,21214,ARCADIA,DORIS WEIL,,"February 12, 2019",,,
7077026,PATAPSCO,606,E,AVE,21225,BROOKLYN,SHEA BEITLER-AKMAN,,"August 27, 2019",,,
1714164,FAYETTE,3022,E,ST,21224,ELLWOOD PARK/MONUMENT,EVAN HELFRICH,Helfrich Special,"June 4, 2019",,,
1677070,CURLEY,413,N,ST,21224,ELLWOOD PARK/MONUMENT,EVAN HELFRICH,Helfrich Special,"January 28, 2020",,,
1569010,CHASE,2119,E,ST,21213,MIDDLE EAST,EVAN HELFRICH,Biddle-Chase P7,"March 19, 2019",,,
4613001A,OAKLEY,3002,,AV,21215,CENTRAL PARK HEIGHTS,BLAIR GRIFFITH,2900- 3000 Oakley Ave,"March 19, 2019",,,
6288047,LOMBARD,3437,E,ST,21224,BALTIMORE HIGHLANDS,ILYA ALTMAN,,"March 5, 2019",,,
3942021,HARFORD,2942,,ROAD,21218,COLDSTREAM HOMESTEAD MONTEBELL,DORIS WEIL,,"January 18, 2019",,,
2951C004,DOLFIELD,3734,,AV,21215,,BLAIR GRIFFITH,,"November 19, 2019",,,
0719B024,PAYSON,611,S,ST,21223,CARROLLTON RIDGE,SHEA BEITLER-AKMAN,Eagle and Mason Phase 9,"May 11, 2021",,,
7470A030,GANLEY,2828,,DR,21230,LAKELAND,SHEA BEITLER-AKMAN,,"August 27, 2019",,,
1466020,BROADWAY,1639,N,,21213,BROADWAY EAST,EVAN HELFRICH,1500-1600 Broaway,"March 5, 2019",,,
1138048,BROADWAY,1420,N,,21213,OLIVER,EVAN HELFRICH,Oliver Expansion,"March 12, 2019",,,
1678012,ROBINSON,319,N,ST,21224,ELLWOOD PARK/MONUMENT,EVAN HELFRICH,,"March 26, 2019",,,
1623038,PATTERSON PK,723,N,AV,21205,MILTON-MONTFORD,EVAN HELFRICH,,"February 5, 2019",,,
1623040,PATTERSON PK,719,N,AV,21205,MILTON-MONTFORD,EVAN HELFRICH,,"May 14, 2019",,,
5180A034C,READY,5018,,AVE,21212,WINSTON-GOVANS,KENT GRASSO,,"February 26, 2019",,,
0209024,FREDERICK,1726,,AVE,21223,FRANKLIN SQUARE,SHEA BEITLER-AKMAN,,"July 30, 2019",,,
0209025,FREDERICK,1724,,AVE,21223,FRANKLIN SQUARE,SHEA BEITLER-AKMAN,,"July 30, 2019",,,
7118018,STOLL,912,,ST,21225,BROOKLYN,SHEA BEITLER-AKMAN,900 Stoll St,"November 17, 2020",,,
0327047,PENNSYLVANIA,1817,,AVE,21217,UPTON,EILEEN MURPHY,,"June 25, 2019",,,
4123A009,HARFORD,2548,,ROAD,21218,COLDSTREAM HOMESTEAD MONTEBELL,DORIS WEIL,,"April 23, 2019",,,
0014004,FULTON,1606,N,AVE,21217,SANDTOWN-WINCHESTER,SHEA BEITLER-AKMAN,,"January 22, 2019",,,
0214002,BALTIMORE,1403,W,ST,21223,FRANKLIN SQUARE,SHEA BEITLER-AKMAN,,"May 14, 2019",,,
0214001,BALTIMORE,1401,W,ST,21223,FRANKLIN SQUARE,SHEA BEITLER-AKMAN,,"May 14, 2019",,,
6288018,MOUNT PLEASANT,3434,,AVE,21224,BALTIMORE HIGHLANDS,ILYA ALTMAN,,"July 16, 2019",,,
8318001,GWYNN OAK,5100,,AVE,21207,HOWARD PARK,BLAIR GRIFFITH,,"September 10, 2019",,,
4218020,PARK HEIGHTS,7120,,AVE,21215,FALLSTAFF,BLAIR GRIFFITH,,"September 24, 2019",,,
3240003,GWYNNS FALLS,1704,,PKWY,21217,PARKVIEW/WOODBROOK,SHEA BEITLER-AKMAN,,"September 29, 2020",,,
1676066,ORLEANS,2804,,ST,21224,MCELDERRY PARK,EVAN HELFRICH,Helfrich Special,"August 27, 2019",,,
1676067,ORLEANS,2802,,ST,21224,MCELDERRY PARK,EVAN HELFRICH,Helfrich Special,"August 27, 2019",,,
5165B005,MCCABE,608,,AVE,21212,WOODBOURNE-MCCABE,KENT GRASSO,Mc Cabe,"March 12, 2019",,,
1118045,BROADWAY,1628,N,,21213,OLIVER,EVAN HELFRICH,1500-1600 Broaway,"March 12, 2019",,,
5165080,MCCABE,617,,AVE,21212,WINSTON-GOVANS,KENT GRASSO,Mc Cabe,"August 13, 2019",,,
3032032,POPLAR,2902,,TERR,21216,WALBROOK,JAMES FARLEY,,"September 24, 2019",,,
5165C002,MCCABE,702,,AVE,21212,WOODBOURNE-MCCABE,KENT GRASSO,Mc Cabe,"March 10, 2020",,,
4544B021,CUTHBERT,5222,,AVE,21215,ARLINGTON,BLAIR GRIFFITH,,"October 25, 2020",,,
4096007,HOMESTEAD,922,,ST,21218,BETTER WAVERLY,KENT GRASSO,,"March 3, 2020",,,
4511A007,CUTHBERT,5354,,AVE,21215,ARLINGTON,BLAIR GRIFFITH,,"December 3, 2019",,,
3172053,ULMAN,2800,,AV,21215,PARK CIRCLE,BLAIR GRIFFITH,,"April 2, 2019",,,
3061B091,ELLAMONT,2501,N,ST,21216,HANLON-LONGWOOD,BLAIR GRIFFITH,,"September 24, 2019",,,
2902003C,LIBERTY HEIGHTS,3623,,AVE,21215,FOREST PARK,BLAIR GRIFFITH,,"October 29, 2019",,,
2960073,RIDGEWOOD,3920,,AVE,21215,DOLFIELD,BLAIR GRIFFITH,,"June 29, 2021",,,
2289013,ALLENDALE,325,,ST,21229,ALLENDALE,PAUL OMALLEY,,"November 12, 2019",,,
2362055,HARLEM,2505,,AVE,21216,EVERGREEN LAWN,JAMES FARLEY,,"July 23, 2019",,,
7841A046,GRIFFIS,2008,,AVE,21230,MORRELL PARK,PAUL OMALLEY,,"April 14, 2019",,,
2285004,FRANKLIN,3507,W,ST,21229,ALLENDALE,PAUL OMALLEY,,"July 23, 2019",,,
7779003,WASHINGTON,2530,,BLVD,21230,MORRELL PARK,PAUL OMALLEY,,"July 23, 2019",,,
2503048,LINNARD,715,,ST,21229,EDMONDSON VILLAGE,PAUL OMALLEY,,"July 9, 2019",,,
2275A066,MONASTERY,145,N,AVE,21229,ALLENDALE,PAUL OMALLEY,,"August 30, 2019",,,
2275A059,MONASTERY,159,N,AVE,21229,ALLENDALE,PAUL OMALLEY,,"October 1, 2019",,,
2544001,AUGUSTA,200,S,AVE,21229,IRVINGTON,PAUL OMALLEY,,"February 18, 2020",,,
2537036,COLLINS,314,S,AVE,21229,IRVINGTON,PAUL OMALLEY,,"October 29, 2019",,,
2292A030,FRANKLIN,3704,W,ST,21229,ALLENDALE,PAUL OMALLEY,,"January 28, 2020",,,
2247006,LOUDON,249,S,AVE,21229,IRVINGTON,PAUL OMALLEY,,"October 29, 2019",,,
2535002,FREDERICK,4209,,AVE,21229,IRVINGTON,PAUL OMALLEY,,"June 11, 2019",,,
2275A001,HILTON,246,N,ST,21229,ALLENDALE,PAUL OMALLEY,,"March 12, 2019",,,
8139L012,RANDOM,423,,ROAD,21229,BEECHFIELD,PAUL OMALLEY,,"December 10, 2019",,,
8139005,FREDERICK,4709,,AVE,21229,BEECHFIELD,PAUL OMALLEY,,"March 5, 2019",,,
3239007,GWYNNS FALLS,1632,,PKWY,21217,PARKVIEW/WOODBROOK,JAMES FARLEY,,"November 17, 2020",,,
3235030,GWYNNS FALLS,1635,,PKWY,21217,PARKVIEW/WOODBROOK,JAMES FARLEY,,"June 4, 2019",,,
3240001,GWYNNS FALLS,1700,,PKWY,21217,PARKVIEW/WOODBROOK,JAMES FARLEY,,"March 16, 2021",,,
4114F024,GARRETT,2557,,AVE,21218,COLDSTREAM HOMESTEAD MONTEBELL,DORIS WEIL,,"April 16, 2019",,,
0801044,NANTICOKE,1165,,ST,21230,WASHINGTON VILLAGE,SHEA BEITLER-AKMAN,Pigtown Phase 9,"September 3, 2019",,,
0801043,NANTICOKE,1167,,ST,21230,WASHINGTON VILLAGE,SHEA BEITLER-AKMAN,Pigtown Phase 9,"May 28, 2019",,,
0801046,NANTICOKE,1161,,ST,21230,WASHINGTON VILLAGE,SHEA BEITLER-AKMAN,Pigtown Phase 9,"July 30, 2019",,,
4983G007,SPRINGLAKE,5425,,WAY,21212,HOMELAND,KENT GRASSO,,"June 11, 2019",,,
2717003,BOARMAN,4004,,AVE,21215,DORCHESTER,BLAIR GRIFFITH,,"September 17, 2019",,,
5165C040,CRAIG,5211,,AVE,21212,WOODBOURNE-MCCABE,KENT GRASSO,Mc Cabe,"July 30, 2019",,,
5165B034,READY,5213,,AVE,21212,WOODBOURNE-MCCABE,KENT GRASSO,Mc Cabe,"December 17, 2019",,,
2717A003,COLD SPRING,4014,W,LANE,21215,DORCHESTER,BLAIR GRIFFITH,,"March 10, 2020",,,
5898H055,EIERMAN,4013,,AVE,21206,ARCADIA,DORIS WEIL,,"October 27, 2020",,,
2717007,BOARMAN,4012,,AVE,21215,DORCHESTER,BLAIR GRIFFITH,,"September 10, 2019",,,
1570063,PRENTISS,2234,,PL,21205,MIDDLE EAST,EVAN HELFRICH,,"April 2, 2019",,,
1570058,PRENTISS,2224,,PL,21205,MIDDLE EAST,EVAN HELFRICH,,"December 10, 2019",,,
1610029C,ASHLAND,2629,,AV,21205,MADISON-EASTEND,EVAN HELFRICH,,"September 24, 2019",,,
1570047,PRENTISS,2202,,PL,21205,MIDDLE EAST,EVAN HELFRICH,,"December 10, 2019",,,
1570059,PRENTISS,2226,,PL,21205,MIDDLE EAST,EVAN HELFRICH,,"December 10, 2019",,,
1553093,HENNEMAN,2208,,AV,21213,MIDDLE EAST,EVAN HELFRICH,2100-2200 Biddle,"June 4, 2019",,,
1553096,HENNEMAN,2214,,AV,21213,MIDDLE EAST,EVAN HELFRICH,2100-2200 Biddle,"August 6, 2019",,,
1553100,HENNEMAN,2222,,AV,21213,MIDDLE EAST,EVAN HELFRICH,2100-2200 Biddle,"September 24, 2019",,,
1570052,PRENTISS,2212,,PL,21205,MIDDLE EAST,EVAN HELFRICH,,"September 24, 2019",,,
1570084,PRENTISS,2231,,PL,21205,MIDDLE EAST,EVAN HELFRICH,,"January 21, 2020",,,
3024034,CLIFTON,2848,,AVE,21216,PANWAY/BRADDISH AVENUE,JAMES FARLEY,,"July 9, 2019",,,
2336003,BENTALOU,1204,N,ST,21216,BRIDGEVIEW/GREENLAWN,JAMES FARLEY,,"July 16, 2019",,,
3023046,CLIFTON,2924,,AVE,21216,WALBROOK,JAMES FARLEY,,"April 2, 2019",,,
3085A015,DUKELAND,2129,N,ST,21216,PANWAY/BRADDISH AVENUE,JAMES FARLEY,,"July 16, 2019",,,
4511B020,CORDELIA,5310,,AVE,21215,ARLINGTON,BLAIR GRIFFITH,,"July 30, 2019",,,
2364A037,LANVALE,2524,W,ST,21216,EVERGREEN LAWN,JAMES FARLEY,,"October 29, 2019",,,
1608029,ASHLAND,2409,,AV,21205,MILTON-MONTFORD,EVAN HELFRICH,,"March 12, 2019",,,
1656049,JEFFERSON,2514,,ST,21205,MCELDERRY PARK,EVAN HELFRICH,,"October 22, 2019",,,
1543017,POTOMAC,1233,N,ST,21213,BEREA,EVAN HELFRICH,Lakewood-Berea,"January 28, 2020",,,
1690034,ORLEANS,2419,,ST,21224,PATTERSON PLACE,EVAN HELFRICH,,"July 2, 2019",,,
1742013,POTOMAC,25,S,ST,21224,BALTIMORE-LINWOOD,ILYA ALTMAN,,"August 27, 2019",,,
5173A010,IVANHOE,5108,,AVE,21212,WINSTON-GOVANS,KENT GRASSO,,"September 3, 2019",,,
1651032,CHESTER,520,N,ST,21205,MIDDLE EAST,EVAN HELFRICH,500 blk Castle St,"June 25, 2019",,,
1124023,FEDERAL,1309,E,ST,21213,OLIVER,EVAN HELFRICH,Upper Caroline St.,"July 9, 2019",,,
1162009,EDEN,1219,N,ST,21213,OLIVER,EVAN HELFRICH,Oliver Expansion,"April 6, 2021",,,
4429019,ROGERS,3604,W,AV,21215,ARLINGTON,BLAIR GRIFFITH,,"January 28, 2020",,,
7225006,HAZEL,1630,,ST,21226,CURTIS BAY,SHEA BEITLER-AKMAN,,"October 1, 2019",,,
7225019,HAZEL,1604,,ST,21226,CURTIS BAY,SHEA BEITLER-AKMAN,,"September 10, 2019",,,
7225010,HAZEL,1622,,ST,21226,CURTIS BAY,SHEA BEITLER-AKMAN,,"October 1, 2019",,,
7225008,HAZEL,1626,,ST,21226,CURTIS BAY,SHEA BEITLER-AKMAN,,"October 1, 2019",,,
7225012,HAZEL,1618,,ST,21226,CURTIS BAY,SHEA BEITLER-AKMAN,,"July 9, 2019",,,
7225004,HAZEL,1634,,ST,21226,CURTIS BAY,SHEA BEITLER-AKMAN,,"October 1, 2019",,,
7225007,HAZEL,1628,,ST,21226,CURTIS BAY,SHEA BEITLER-AKMAN,,"November 17, 2020",,,
7225015,HAZEL,1612,,ST,21226,CURTIS BAY,SHEA BEITLER-AKMAN,,"November 19, 2019",,,
1621076,DUNCAN,711,N,ST,21205,MIDDLE EAST,EVAN HELFRICH,,"November 12, 2019",,,
1651033,CHESTER,518,N,ST,21205,MIDDLE EAST,EVAN HELFRICH,500 blk Castle St,"February 18, 2020",,,
1621074,DUNCAN,715,N,ST,21205,MIDDLE EAST,EVAN HELFRICH,,"October 6, 2020",,,
1621075,DUNCAN,713,N,ST,21205,MIDDLE EAST,EVAN HELFRICH,,"October 1, 2019",,,
3814010,BARCLAY,2119,,ST,21218,BARCLAY,KENT GRASSO,,"October 8, 2019",,,
4613012,GARRISON,3029,W,AV,21215,CENTRAL PARK HEIGHTS,BLAIR GRIFFITH,Garrison,"January 8, 2019",,,
3235031,GWYNNS FALLS,1637,,PKWY,21217,PARKVIEW/WOODBROOK,JAMES FARLEY,,"October 8, 2019",,,
0452028,HARLEM,827,,AVE,21201,UPTON,EILEEN MURPHY,,"March 10, 2020",,,
0430037,HARLEM,832,,AVE,21201,UPTON,EILEEN MURPHY,,"March 10, 2020",,,
0452032,HARLEM,835,,AVE,21201,UPTON,EILEEN MURPHY,,"September 22, 2020",,,
4585002,GARRISON,3102,W,AV,21215,CENTRAL PARK HEIGHTS,BLAIR GRIFFITH,3100 Garrison,"April 16, 2019",,,
4585002,GARRISON,3102,W,AV,21215,CENTRAL PARK HEIGHTS,BLAIR GRIFFITH,3100 Garrison,"April 16, 2019",,,
7841H019,GRINNALDS,2036,,AVE,21230,MORRELL PARK,PAUL OMALLEY,,"July 9, 2019",,,
2402016,NORTH,2755,W,AVE,21216,COPPIN HEIGHTS/ASH-CO-EAST,JAMES FARLEY,,"May 4, 2021",,,
2401A014,NORTH,2727,W,AVE,21216,COPPIN HEIGHTS/ASH-CO-EAST,JAMES FARLEY,,"November 19, 2019",,,
3006018,NORTH,2798,W,AVE,21216,WALBROOK,JAMES FARLEY,,"September 17, 2019",,,
5126022,HOLLEN,723,,ROAD,21212,LAKE WALKER,KENT GRASSO,,"June 4, 2019",,,
2402015,NORTH,2757,W,AVE,21216,COPPIN HEIGHTS/ASH-CO-EAST,JAMES FARLEY,,"September 29, 2020",,,
2401A015,NORTH,2729,W,AVE,21216,COPPIN HEIGHTS/ASH-CO-EAST,JAMES FARLEY,,"September 17, 2019",,,
2505003,GRANTLEY,704,N,ST,21229,EDMONDSON VILLAGE,PAUL OMALLEY,,"February 18, 2020",,,
6156021,BOULDIN,510,N,ST,21205,ELLWOOD PARK/MONUMENT,EVAN HELFRICH,,"July 2, 2019",,,
1607085,BRADFORD,819,N,ST,21205,MILTON-MONTFORD,EVAN HELFRICH,,"August 13, 2019",,,
6154011,HIGHLAND,604,N,AV,21205,ELLWOOD PARK/MONUMENT,EVAN HELFRICH,,"October 15, 2019",,,
1156050,PRESTON,801,E,ST,21202,JOHNSTON SQUARE,EVAN HELFRICH,,"February 18, 2020",,,
6156033,EAST,513,N,AV,21205,ELLWOOD PARK/MONUMENT,EVAN HELFRICH,,"October 27, 2020",,,
1647028,ROBINSON,620,N,ST,21205,ELLWOOD PARK/MONUMENT,EVAN HELFRICH,,"December 10, 2019",,,
1647001L,ELLWOOD,625,N,AV,21205,ELLWOOD PARK/MONUMENT,EVAN HELFRICH,,"October 27, 2020",,,
4017038,21ST,709,E,ST,21218,EAST BALTIMORE MIDWAY,EVAN HELFRICH,,"October 6, 2020",,,
6158A036,HIGHLAND,530,N,AV,21205,ELLWOOD PARK/MONUMENT,EVAN HELFRICH,,"October 15, 2019",,,
2401A016,NORTH,2731,W,AVE,21216,COPPIN HEIGHTS/ASH-CO-EAST,JAMES FARLEY,,"December 3, 2019",,,
2401A011,NORTH,2721,W,AVE,21216,COPPIN HEIGHTS/ASH-CO-EAST,JAMES FARLEY,,"October 2, 2019",,,
5214A006,OLD YORK,4743,,ROAD,21212,RICHNOR SPRINGS,KENT GRASSO,,"August 6, 2019",,,
5183C006,MIDWOOD,5017,,AVE,21212,KENILWORTH PARK,KENT GRASSO,,"July 6, 2021",,,
3836A082,BARCLAY,2607,,ST,21218,HARWOOD,KENT GRASSO,Harwood,"June 18, 2019",,,
3942044,HILLEN,2835,,ROAD,21218,COLDSTREAM HOMESTEAD MONTEBELL,DORIS WEIL,,"October 6, 2020",,,
7841A027,GRIFFIS,2031,,AVE,21230,MORRELL PARK,PAUL OMALLEY,,"January 14, 2020",,,
3836B035,BARCLAY,2505,,ST,21218,HARWOOD,KENT GRASSO,,"November 3, 2020",,,
2485046,GRANTLEY,607,N,ST,21229,EDMONDSON VILLAGE,PAUL OMALLEY,,"October 8, 2019",,,
0152007,STRICKER,313,N,ST,21223,FRANKLIN SQUARE,SHEA BEITLER-AKMAN,Franklin Square Elementary,"November 5, 2019",,,
1651033,CHESTER,518,N,ST,21205,MIDDLE EAST,EVAN HELFRICH,500 blk Castle St,"August 20, 2019",,,
2402023,NORTH,2741,W,AVE,21216,COPPIN HEIGHTS/ASH-CO-EAST,JAMES FARLEY,,"July 6, 2021",,,
0234017,HOLLINS,1133,,ST,21223,HOLLINS MARKET,SHEA BEITLER-AKMAN,,"September 29, 2020",,,
1672072,ORLEANS,2400,,ST,21224,MCELDERRY PARK,EVAN HELFRICH,Port Jefferson,"October 6, 2020",,,
0074010,MOUNT,945,N,ST,21217,SANDTOWN-WINCHESTER,JAMES FARLEY,Western District Station,"December 17, 2019",,,
0074012,MOUNT,949,N,ST,21217,SANDTOWN-WINCHESTER,JAMES FARLEY,Western District Station,"February 25, 2020",,,
0108010,FULTON,618,N,AVE,21217,HARLEM PARK,JAMES FARLEY,,"January 14, 2020",,,
0122064,FRANKLIN,1616,W,ST,21223,HARLEM PARK,JAMES FARLEY,,"October 29, 2019",,,
2441015,ELLAMONT,1628,N,ST,21216,ROSEMONT,JAMES FARLEY,,"September 29, 2020",,,
1126059,BOND,1538,N,ST,21213,OLIVER,EVAN HELFRICH,Upper Caroline St.,"October 1, 2019",,,
4028A015,HARFORD,2112,,RD,21218,EAST BALTIMORE MIDWAY,EVAN HELFRICH,,"October 22, 2019",,,
4028A011,HARFORD,2104,,RD,21218,EAST BALTIMORE MIDWAY,EVAN HELFRICH,,"October 6, 2020",,,
4028A016,HARFORD,2114,,RD,21218,EAST BALTIMORE MIDWAY,EVAN HELFRICH,,"August 13, 2019",,,
4028A013,HARFORD,2108,,RD,21218,EAST BALTIMORE MIDWAY,EVAN HELFRICH,,"October 8, 2019",,,
1607007,PATTERSON PK,813,N,AV,21205,MILTON-MONTFORD,EVAN HELFRICH,Ashland - Patterson Park,"December 17, 2019",,,
0123042,GILMOR,515,N,ST,21223,HARLEM PARK,JAMES FARLEY,,"October 29, 2019",,,
0123016,STRICKER,530,N,ST,21223,HARLEM PARK,JAMES FARLEY,,"January 14, 2020",,,
0122017,GILMOR,534,N,ST,21223,HARLEM PARK,JAMES FARLEY,,"January 7, 2020",,,
0123037,GILMOR,525,N,ST,21223,HARLEM PARK,JAMES FARLEY,,"December 17, 2019",,,
0192078,FAIRMOUNT,1924,W,AV,21223,PENROSE/FAYETTE STREET OUTREAC,BLAIR GRIFFITH,1900 Fairmount,"July 16, 2019",,,
8019013,OLD ORCHARD,410,,RD,21229,TEN HILLS,BLAIR GRIFFITH,,"June 18, 2019",,,
0338035,LAURENS,575,,ST,21217,UPTON,EILEEN MURPHY,,"December 3, 2019",,,
0110052,EDMONDSON,1608,,AVE,21223,HARLEM PARK,PAUL OMALLEY,1600 Edmondson,"June 4, 2019",,,
3024012A,WINDSOR,2817,,AVE,21216,PANWAY/BRADDISH AVENUE,BLAIR GRIFFITH,,"July 23, 2019",,,
4616083,OAKLEY,2929,,AV,21215,CENTRAL PARK HEIGHTS,BLAIR GRIFFITH,2900- 3000 Oakley Ave,"July 16, 2019",,,
4616084,OAKLEY,2927,,AV,21215,CENTRAL PARK HEIGHTS,BLAIR GRIFFITH,2900- 3000 Oakley Ave,"September 22, 2020",,,
4616082,OAKLEY,2931,,AV,21215,CENTRAL PARK HEIGHTS,BLAIR GRIFFITH,2900- 3000 Oakley Ave,"July 16, 2019",,,
4616085,OAKLEY,2925,,AV,21215,CENTRAL PARK HEIGHTS,BLAIR GRIFFITH,2900- 3000 Oakley Ave,"September 23, 2019",,,
4616086,OAKLEY,2923,,AV,21215,CENTRAL PARK HEIGHTS,BLAIR GRIFFITH,2900- 3000 Oakley Ave,"December 17, 2019",,,
5197012A,OAKLAND,549,,AVE,21212,WILSON PARK,KENT GRASSO,,"January 21, 2020",,,
5170005,BEAUMONT,910,,AVE,21212,KENILWORTH PARK,KENT GRASSO,,"January 7, 2020",,,
1693017,LAKEWOOD,233,N,AV,21224,MCELDERRY PARK,EVAN HELFRICH,Helfrich Special,"December 3, 2019",,,
1553031,PATTERSON PK,1108,N,AV,21213,MIDDLE EAST,EVAN HELFRICH,2100-2200 Biddle,"August 6, 2019",,,
1553034,PATTERSON PK,1114,N,AV,21213,MIDDLE EAST,EVAN HELFRICH,2100-2200 Biddle,"August 6, 2019",,,
1606001,COLLINGTON,803,N,AV,21205,MIDDLE EAST,EVAN HELFRICH,,"October 8, 2019",,,
4589035,PEMBRIDGE,5132,,AV,21215,CENTRAL PARK HEIGHTS,BLAIR GRIFFITH,,"December 17, 2019",,,
3234015F,BRYANT,2313,,AVE,21217,PARKVIEW/WOODBROOK,JAMES FARLEY,,"October 27, 2020",,,
3243012,WHITTIER,2213,,AVE,21217,PARKVIEW/WOODBROOK,JAMES FARLEY,,"December 10, 2019",,,
3238005,REISTERSTOWN,2609,,ROAD,21217,PARKVIEW/WOODBROOK,JAMES FARLEY,,"December 10, 2019",,,
3844100,28TH,343,E,ST,21218,HARWOOD,KENT GRASSO,,"January 21, 2020",,,
3814061,21ST,414,E,ST,21218,BARCLAY,KENT GRASSO,,"January 28, 2020",,,
3824042,23RD,424,E,ST,21218,BARCLAY,KENT GRASSO,,"November 19, 2019",,,
3855014,GREENMOUNT,2952,,AVE,21218,ABELL,KENT GRASSO,,"March 10, 2020",,,
3855017,GREENMOUNT,2958,,AVE,21218,ABELL,KENT GRASSO,,"March 10, 2020",,,
2364001,LAFAYETTE,2501,W,AVE,21216,BRIDGEVIEW/GREENLAWN,JAMES FARLEY,,"January 7, 2020",,,
5183027,COLD SPRING,728,E,LANE,21212,RICHNOR SPRINGS,KENT GRASSO,,"January 28, 2020",,,
5173070,CHATEAU,527,,AVE,21212,WINSTON-GOVANS,KENT GRASSO,,"December 3, 2019",,,
3463E015E,BROOKFIELD,2514,,AVE,21217,RESERVOIR HILL,EILEEN MURPHY,Reservoir Hill,"July 16, 2019",,,
5140A014,GOVANE,5619,,AVE,21212,MID-GOVANS,KENT GRASSO,,"December 3, 2019",,,
7615017,ROUNDVIEW,454,,ROAD,21225,CHERRY HILL,SHEA BEITLER-AKMAN,,"January 21, 2020",,,
4179P083,ELMORA,3740,,AVE,21213,BELAIR-EDISON,STEVEN HOMOLA,,"September 24, 2019",,,
5212B044,OLD YORK,4738,,ROAD,21212,RICHNOR SPRINGS,KENT GRASSO,,"January 21, 2020",,,
3511056,33RD,856,W,ST,21211,HAMPDEN,KENT GRASSO,,"July 6, 2021",,,
3232A016,OREM,2307,,AVE,21217,PARKVIEW/WOODBROOK,JAMES FARLEY,,"January 14, 2020",,,
2402056,ASHBURTON,1702,,ST,21216,COPPIN HEIGHTS/ASH-CO-EAST,JAMES FARLEY,,"September 29, 2020",,,
5215018,RICHWOOD,610,,AVE,21212,RICHNOR SPRINGS,KENT GRASSO,,"February 11, 2020",,,
3406035,WOODBROOK,2452,,AVE,21217,PENN NORTH,JAMES FARLEY,,"January 21, 2020",,,
0018033,PAYSON,1520,N,ST,21217,EASTERWOOD,JAMES FARLEY,,"April 6, 2021",,,
2349004,ARUNAH,2306,,AVE,21216,EVERGREEN LAWN,JAMES FARLEY,,"September 29, 2020",,,
6166084,HIGHLAND,639,N,AV,21205,ELLWOOD PARK/MONUMENT,EVAN HELFRICH,,"January 14, 2020",,,
2306A042,PRESBURY,2410,,ST,21216,COPPIN HEIGHTS/ASH-CO-EAST,JAMES FARLEY,,"January 7, 2020",,,
1125036,FEDERAL,1431,E,ST,21213,OLIVER,EVAN HELFRICH,Upper Caroline St.,"December 10, 2019",,,
1127049,BROADWAY,1520,N,,21213,OLIVER,EVAN HELFRICH,1500-1600 Broaway,"December 17, 2019",,,
1127047,BROADWAY,1524,N,,21213,OLIVER,EVAN HELFRICH,1500-1600 Broaway,"February 18, 2020",,,
1127048,BROADWAY,1522,N,,21213,OLIVER,EVAN HELFRICH,1500-1600 Broaway,"February 18, 2020",,,
7225031,LOCUST,1623,,ST,21226,CURTIS BAY,SHEA BEITLER-AKMAN,,"November 17, 2020",,,
3024023,CLIFTON,2826,,AVE,21216,PANWAY/BRADDISH AVENUE,JAMES FARLEY,,"November 17, 2020",,,
3263020,LIBERTY HEIGHTS,2601,,AVE,21215,BURLEITH-LEIGHTON,JAMES FARLEY,,"February 11, 2020",,,
2520A003,WOODINGTON,905,N,ROAD,21229,EDMONDSON VILLAGE,PAUL OMALLEY,,"January 14, 2020",,,
0298100,SANFORD,505,,PL,21217,DRUID HEIGHTS,EILEEN MURPHY,,"March 3, 2020",,,
0298099,SANFORD,507,,PL,21217,DRUID HEIGHTS,EILEEN MURPHY,,"August 3, 2021",,,
1494044,OLIVER,1751,E,ST,21213,BROADWAY EAST,EVAN HELFRICH,,"April 6, 2021",,,
1494022,OLIVER,1707,E,ST,21213,BROADWAY EAST,EVAN HELFRICH,Oliver Expansion,"December 17, 2019",,,
1494041,OLIVER,1745,E,ST,21213,BROADWAY EAST,EVAN HELFRICH,,"December 17, 2019",,,
1494036,OLIVER,1735,E,ST,21213,BROADWAY EAST,EVAN HELFRICH,,"February 4, 2020",,,
3262C005,TIOGA,3108,,PKWY,21215,BURLEITH-LEIGHTON,JAMES FARLEY,,"April 20, 2021",,,
2538029,WALRAD,4030,,ST,21229,IRVINGTON,PAUL OMALLEY,,"May 25, 2021",,,
3238006,REISTERSTOWN,2611,,ROAD,21217,PARKVIEW/WOODBROOK,JAMES FARLEY,,"May 18, 2021",,,
5551001A,WOODHOME,3003,,AVE,21234,WOODRING,STEVEN HOMOLA,,"November 17, 2020",,,
5804102,ROSS,5006,,ROAD,21214,WALTHERSON,STEVEN HOMOLA,,"June 1, 2021",,,
5930062,SHELDON,4248,,AVE,21206,BELAIR-EDISON,STEVEN HOMOLA,,"June 1, 2021",,,
5695015,WHITE,4122,,AVE,21206,GLENHAM-BELFORD,STEVEN HOMOLA,,"October 27, 2020",,,
5923044,BRENDAN,3338,,AVE,21213,BELAIR-EDISON,STEVEN HOMOLA,,"June 1, 2021",,,
5919049,DUDLEY,3318,,AVE,21213,BELAIR-EDISON,STEVEN HOMOLA,,"October 27, 2020",,,
3941B056,32ND,2035,E,ST,21218,COLDSTREAM HOMESTEAD MONTEBELL,STEVEN HOMOLA,,"October 28, 2020",,,
3457039,CALLOW,2412,,AVE,21217,RESERVOIR HILL,EILEEN MURPHY,Reservoir Hill,"July 20, 2021",,,
4188B036,CLIFTMONT,3129,,AVE,21213,BELAIR-EDISON,STEVEN HOMOLA,,"April 20, 2021",,,
3806047,21ST,335,E,ST,21218,BARCLAY,KENT GRASSO,Barclay Phase 8,"March 3, 2020",,,
3836A012,27TH,439,E,ST,21218,HARWOOD,KENT GRASSO,Harwood,"June 22, 2021",,,
5915005,CHESTERFIELD,3109,,AVE,21213,BELAIR-EDISON,STEVEN HOMOLA,,"June 1, 2021",,,
4092004A,30TH,910,E,ST,21218,BETTER WAVERLY,KENT GRASSO,,"July 6, 2021",,,
5898H003J,BELAIR,4408,,ROAD,21206,ARCADIA,STEVEN HOMOLA,,"June 1, 2021",,,
4188B025,CLIFTMONT,3107,,AVE,21213,BELAIR-EDISON,STEVEN HOMOLA,,"January 14, 2020",,,
4188B060,CLIFTMONT,3130,,AVE,21213,BELAIR-EDISON,STEVEN HOMOLA,,"April 20, 2021",,,
2350034,BENTALOU,834,N,ST,21216,BRIDGEVIEW/GREENLAWN,JAMES FARLEY,,"April 6, 2021",,,
4019031,22ND,511,E,ST,21218,EAST BALTIMORE MIDWAY,EVAN HELFRICH,,"January 14, 2020",,,
3006016,NORTH,2796,W,AVE,21216,WALBROOK,JAMES FARLEY,,"December 17, 2019",,,
6072A026,CEDONIA,5412,,AVE,21206,CEDONIA,STEVEN HOMOLA,,"March 15, 2021",,,
2544010,(Descriptive Address),4209,,,21229,IRVINGTON,PAUL OMALLEY,,"March 16, 2021",,,
0390015,NORTH,131,E,AVE,21202,GREENMOUNT WEST,GREGORY FOX,Greenmount West,"June 8, 2021",,,
5788012,FRANKFORD,3501,,AVE,21214,WALTHERSON,STEVEN HOMOLA,,"July 13, 2021",,,
3301078,DUPONT,3411,,AV,21215,CENTRAL PARK HEIGHTS,BLAIR GRIFFITH,,"September 22, 2020",,,
1506086,LLEWELYN,2612,,AV,21213,BEREA,EVAN HELFRICH,,"October 6, 2020",,,
4511A044,CORDELIA,5333,,AVE,21215,ARLINGTON,BLAIR GRIFFITH,,"June 1, 2021",,,
4010N021,GARRETT,2314,,AV,21218,EAST BALTIMORE MIDWAY,EVAN HELFRICH,,"June 29, 2021",,,
2735004,MAINE,3919,,AV,21207,CENTRAL FOREST PARK,BLAIR GRIFFITH,,"December 3, 2019",,,
1118009,BOND,1617,N,ST,21213,OLIVER,EVAN HELFRICH,Upper Caroline St.,"March 10, 2020",,,
4587041,SPAULDING,3043,,AV,21215,CENTRAL PARK HEIGHTS,BLAIR GRIFFITH,,"April 6, 2021",,,
4587040,SPAULDING,3045,,AV,21215,,BLAIR GRIFFITH,,"May 18, 2021",,,
3057009,GARRISON,2305,,BLVD,21216,,BLAIR GRIFFITH,,"April 6, 2021",,,
3057010,GARRISON,2307,,BLVD,21216,,BLAIR GRIFFITH,,"April 6, 2021",,,
2931004,EGERTON,3705,,ROAD,21215,CALLAWAY-GARRISON,BLAIR GRIFFITH,,"January 28, 2020",,,
4039031,23RD,515,E,ST,21218,,EVAN HELFRICH,,"July 13, 2021",,,
2717002,BOARMAN,4002,,AV,21215,,BLAIR GRIFFITH,,"June 1, 2021",,,
